0, 0, 0, 0, 0, 0, 0, 0, 0, 0, 0, 0, 0, 0, 0, 0, 0, 0, 0, 0, 0, 0, 0, 0, 0, 0, 0, 0, 0, 0, 0, 0, 0, 0, 0, 0, 0, 0, 0, 0, 0, 0, 0, -1, -1, -1, -1, -1, 44, 4, 0, 0.5, 4, -1, 40, 1, 0.5
0, 0, 0, 0, 0, 0, 0, 0, 0, 0, 0, 0, 0, 0, 0, 0, 0, 0, 0, 0, 0, 0, 0, 0, 0, 0, 0, 0, 0, -1, 0, 0, 0, 0, 0, 0, 0, 0, 0, 0, 0, 1, 0, -1, -1, -1, -1, -1, 44, 4, 0, 0.5, 4, -1, 11, 1, 0.5
0, 0, 0, -1, 0, 0, 0, 0, 0, 0, 0, 0, 1, 0, 0, 0, 0, 0, 0, 0, 0, 0, 0, 0, 0, 0, 0, 0, 0, -1, 0, 0, 0, 0, 0, 0, 0, 0, 0, 0, 0, 1, 0, -1, -1, -1, -1, -1, 44, 4, 0, 0.5, 4, -1, 38, 1, 0.5
0, 0, 0, -1, 0, 0, 0, 0, 0, 0, 0, 0, 1, 0, 0, 0, 0, 0, 0, 0, 0, -1, 0, 0, 0, 0, 0, 0, 0, -1, 0, 0, 0, 0, 0, 0, 0, 0, 0, 1, 0, 1, 0, -1, -1, -1, -1, -1, 44, 4, 0, 0.5, 4, -1, 9, 1, 0.5
0, 0, 0, -1, 0, 0, 0, -1, 0, 0, 1, 0, 1, 0, 0, 0, 0, 0, 0, 0, 0, -1, 0, 0, 0, 0, 0, 0, 0, -1, 0, 0, 0, 0, 0, 0, 0, 0, 0, 1, 0, 1, 0, -1, -1, -1, -1, -1, 44, 4, 0, 0.5, 4, -1, 41, 1, 0.5
0, 0, 0, -1, 0, 0, 0, -1, 0, 0, 1, 0, 1, 0, 0, 0, 0, -1, 0, 0, 0, -1, 0, 0, 0, 0, 0, 0, 0, -1, 0, 0, 0, 0, 0, 0, 0, 0, 0, 1, 0, 1, 1, -1, -1, -1, -1, -1, 44, 4, 0, 0.5, 4, -1, 12, 1, 0.5
0, 0, 0, -1, 0, -1, 0, -1, 0, 0, 1, 0, 1, 1, 0, 0, 0, -1, 0, 0, 0, -1, 0, 0, 0, 0, 0, 0, 0, -1, 0, 0, 0, 0, 0, 0, 0, 0, 0, 1, 0, 1, 1, -1, -1, -1, -1, -1, 44, 4, 0, 0.5, 4, -1, 39, 1, 0.5
0, 0, 0, -1, 0, -1, 0, -1, 0, 0, 1, 0, 1, 1, 0, 0, -1, -1, 0, 0, 0, -1, 0, 0, 0, 0, 0, 0, 0, -1, 0, 0, 0, 0, 0, 0, 0, 0, 0, 1, 1, 1, 1, -1, -1, -1, -1, -1, 44, 4, 0, 0.5, 4, -1, 10, 1, 0.5
0, 0, 0, -1, 0, -1, 0, -1, 0, -1, 1, 1, 1, 1, 0, 0, -1, -1, 0, 0, 0, -1, 0, 0, 0, 0, 0, 0, 0, -1, 0, 0, 0, 0, 0, 0, 0, 0, 0, 1, 1, 1, 1, -1, -1, -1, -1, -1, 44, 4, 0, 0.5, 4, -1, 29, 1, 0.5
0, 0, 0, -1, 0, -1, -1, -1, 0, -1, 1, 1, 1, 1, 0, 0, -1, -1, 0, 0, 0, -1, 0, 0, 0, 0, 0, 0, 0, -1, 1, 0, 0, 0, 0, 0, 0, 0, 0, 1, 1, 1, 1, -1, -1, -1, -1, -1, 44, 4, 0, 0.5, 4, -1, 25, 1, 0.5
0, 0, 0, -1, 0, -1, -1, -1, 0, -1, 1, 1, 1, 1, 0, 0, -1, -1, -1, 0, 0, -1, 0, 0, 0, 0, 1, 0, 0, -1, 1, 0, 0, 0, 0, 0, 0, 0, 0, 1, 1, 1, 1, -1, -1, -1, -1, -1, 44, 4, 0, 0.5, 4, -1, 21, 1, 0.5
0, 0, 0, -1, 0, -1, -1, -1, 0, -1, 1, 1, 1, 1, 0, 0, -1, -1, -1, 0, 0, -1, 1, -1, 0, 0, 1, 0, 0, -1, 1, 0, 0, 0, 0, 0, 0, 0, 0, 1, 1, 1, 1, -1, -1, -1, -1, -1, 44, 4, 0, 0.5, 4, -1, 37, 1, 0.5
0, 0, 0, -1, 0, -1, -1, -1, 0, -1, 1, 1, 1, 1, 0, 0, -1, -1, -1, 0, 0, -1, 1, -1, 0, 0, 1, 0, 0, -1, 1, -1, 0, 0, 0, 0, 0, 0, 1, 1, 1, 1, 1, -1, -1, -1, -1, -1, 44, 4, 0, 0.5, 4, -1, 0, 1, 0.5
0, 1, 0, -1, 0, -1, -1, -1, 0, -1, 1, 1, 1, 1, 0, 0, -1, -1, -1, 0, -1, -1, 1, -1, 0, 0, 1, 0, 0, -1, 1, -1, 0, 0, 0, 0, 0, 0, 1, 1, 1, 1, 1, -1, -1, -1, -1, -1, 44, 4, 0, 0.5, 4, -1, 34, 1, 0.5
0, 1, 0, -1, 0, -1, -1, -1, 0, -1, 1, 1, 1, 1, 0, 0, -1, -1, -1, 0, -1, -1, 1, -1, 0, 0, 1, 0, 0, -1, 1, -1, 0, -1, 0, 1, 0, 0, 1, 1, 1, 1, 1, -1, -1, -1, -1, -1, 44, 4, 0, 0.5, 4, -1, 36, 1, 0.5
0, 1, 0, -1, 0, -1, -1, -1, 0, -1, 1, 1, 1, 1, 0, 0, -1, -1, -1, -1, -1, -1, 1, -1, 0, 0, 1, 0, 0, -1, 1, -1, 0, -1, 0, 1, 0, 1, 1, 1, 1, 1, 1, -1, -1, -1, -1, -1, 44, 4, 0, 0.5, 4, -1, 31, 1, 0.5
0, 1, 0, -1, 0, -1, -1, -1, 0, -1, 1, 1, 1, 1, 0, 0, -1, -1, -1, -1, -1, -1, 1, -1, -1, 0, 1, 0, 0, -1, 1, -1, 1, -1, 0, 1, 0, 1, 1, 1, 1, 1, 1, -1, -1, -1, -1, -1, 44, 4, 0, 0.5, 4, -1, 14, 1, 0.5
0, 1, 0, -1, 0, -1, -1, -1, 0, -1, 1, 1, 1, 1, 0, 1, -1, -1, -1, -1, -1, -1, 1, -1, -1, 0, 1, 0, 0, -1, 1, -1, 1, -1, -1, 1, 0, 1, 1, 1, 1, 1, 1, -1, -1, -1, -1, -1, 44, 4, 0, 0.5, 4, -1, 7, 1, 0.5
0, 1, 0, -1, 0, -1, -1, -1, 1, -1, 1, 1, 1, 1, 0, 1, -1, -1, -1, -1, -1, -1, 1, -1, -1, 0, 1, 0, 0, -1, 1, -1, 1, -1, -1, 1, -1, 1, 1, 1, 1, 1, 1, -1, -1, -1, -1, -1, 44, 4, 0, 0.5, 4, -1, 1, 1, 0.5
0, 1, 1, -1, 0, -1, -1, -1, 1, -1, 1, 1, 1, 1, 0, 1, -1, -1, -1, -1, -1, -1, 1, -1, -1, 0, 1, 0, -1, -1, 1, -1, 1, -1, -1, 1, -1, 1, 1, 1, 1, 1, 1, -1, -1, -1, -1, -1, 44, 4, 0, 0.5, 4, -1, 13, 1, 0.5
0, 1, 1, -1, 0, -1, -1, -1, 1, -1, 1, 1, 1, 1, 1, 1, -1, -1, -1, -1, -1, -1, 1, -1, -1, 0, 1, -1, -1, -1, 1, -1, 1, -1, -1, 1, -1, 1, 1, 1, 1, 1, 1, -1, -1, -1, -1, -1, 44, 4, 0, 0.5, 4, -1, 24, 1, 0.5
0, 1, 1, -1, -1, -1, -1, -1, 1, -1, 1, 1, 1, 1, 1, 1, -1, -1, -1, -1, -1, -1, 1, -1, -1, 1, 1, -1, -1, -1, 1, -1, 1, -1, -1, 1, -1, 1, 1, 1, 1, 1, 1, -1, -1, -1, -1, -1, 44, 4, 0, 0.5, 4, -1, 39, 1, 0.5
0, 1, 1, -1, -1, -2, -1, -1, 1, -1, 1, 1, 1, 1, 1, 1, -1, -1, -1, -1, -1, -1, 1, -1, -1, 1, 1, -1, -1, -1, 1, -1, 1, -1, -1, 1, -1, 1, 1, 1, 2, 1, 1, -1, -1, -1, -1, -1, 44, 4, 0, 0.5, 4, -1, 10, 1, 0.5
0, 1, 1, -1, -1, -2, -1, -1, 1, -1, 1, 2, 1, 1, 1, 1, -1, -1, -1, -1, -1, -1, 1, -1, -1, 1, 1, -1, -1, -2, 1, -1, 1, -1, -1, 1, -1, 1, 1, 1, 2, 1, 1, -1, -1, -1, -1, -1, 44, 4, 0, 0.5, 4, -1, 39, 1, 0.5
0, 1, 1, -1, -1, -2, -1, -1, 1, -1, 1, 2, 1, 1, 1, 1, -1, -1, -1, -1, -2, -1, 1, -1, -1, 1, 1, -1, -1, -2, 1, -1, 1, -1, -1, 1, -1, 1, 1, 1, 3, 1, 1, -1, -1, -1, -1, -1, 44, 4, 0, 0.5, 4, -1, 10, 1, 0.5
0, 1, 1, -1, -1, -2, -1, -1, 1, -1, 1, 3, 1, 1, 1, 1, -1, -1, -1, -1, -2, -1, 1, -1, -1, 1, 1, -1, -1, -2, 1, -1, 1, -1, -1, 1, -2, 1, 1, 1, 3, 1, 1, -1, -1, -1, -1, -1, 44, 4, 0, 0.5, 4, -1, 39, 1, 0.5
0, 1, 1, -2, -1, -2, -1, -1, 1, -1, 1, 3, 1, 1, 1, 1, -1, -1, -1, -1, -2, -1, 1, -1, -1, 1, 1, -1, -1, -2, 1, -1, 1, -1, -1, 1, -2, 1, 1, 1, 4, 1, 1, -1, -1, -1, -1, -1, 44, 4, 0, 0.5, 4, -1, 10, 1, 0.5
0, 1, 1, -2, -1, -2, -1, -1, 1, -1, 1, 4, 1, 1, 1, 1, -1, -1, -1, -1, -2, -2, 1, -1, -1, 1, 1, -1, -1, -2, 1, -1, 1, -1, -1, 1, -2, 1, 1, 1, 4, 1, 1, -1, -1, -1, -1, -1, 44, 4, 0, 0.5, 4, -1, 39, 1, 0.5
0, 1, 1, -2, -1, -2, -1, -1, 1, -1, 1, 4, 1, 1, 1, 1, -1, -1, -1, -1, -2, -2, 1, -1, -1, 1, 1, -1, -1, -2, 1, -1, 1, -1, -1, 1, -3, 1, 1, 1, 5, 1, 1, -1, -1, -1, -1, -1, 44, 4, 0, 0.5, 4, -1, 10, 1, 0.6510802097519728
0, 1, 1, -2, -1, -2, -1, -1, 1, -1, 1, 5, 1, 1, 1, 1, -1, -1, -1, -1, -2, -2, 1, -1, -2, 1, 1, -1, -1, -2, 1, -1, 1, -1, -1, 1, -3, 1, 1, 1, 5, 1, 1, -1, -1, -1, -1, -1, 44, 4, 0, 0.5, 4, -1, 39, 1, 0.41364659680037374
0, 1, 1, -2, -1, -2, -1, -1, 1, -1, 1, 5, 1, 1, 1, 1, -1, -1, -1, -1, -2, -2, 1, -1, -2, 1, 1, -1, -1, -2, 1, -1, 1, -1, -1, 1, -4, 1, 1, 1, 6, 1, 1, -1, -1, -1, -1, -1, 44, 4, 0, 0.6510802097519728, 4, -1, 12, 1, 0.3941712294367754
0, 1, 1, -2, -1, -2, -1, -1, 1, -1, 1, 5, 1, 2, 1, 1, -1, -1, -2, -1, -2, -2, 1, -1, -2, 1, 1, -1, -1, -2, 1, -1, 1, -1, -1, 1, -4, 1, 1, 1, 6, 1, 1, -1, -1, -1, -1, -1, 44, 4, 0, 0.41364659680037374, 4, -1, 39, 1, 0.434205388523941
0, 1, 1, -3, -1, -2, -1, -1, 1, -1, 1, 5, 1, 2, 1, 1, -1, -1, -2, -1, -2, -2, 1, -1, -2, 1, 1, -1, -1, -2, 1, -1, 1, -1, -1, 1, -4, 1, 1, 1, 7, 1, 1, -1, -1, -1, -1, -1, 44, 4, 0, 0.3941712294367754, 4, -1, 12, 1, 0.39154982349255835
0, 1, 1, -3, -1, -2, -1, -1, 1, -1, 1, 5, 1, 3, 1, 1, -1, -1, -2, -1, -2, -2, 1, -1, -2, 1, 1, -1, -1, -2, 1, -2, 1, -1, -1, 1, -4, 1, 1, 1, 7, 1, 1, -1, -1, -1, -1, -1, 44, 4, 0, 0.434205388523941, 4, -1, 24, 1, 0.4110063987605664
0, 1, 1, -3, -1, -2, -1, -1, 1, -1, 1, 5, 1, 3, 1, 1, -1, -1, -2, -1, -2, -2, 1, -1, -3, 2, 1, -1, -1, -2, 1, -2, 1, -1, -1, 1, -4, 1, 1, 1, 7, 1, 1, -1, -1, -1, -1, -1, 44, 4, 0, 0.39154982349255835, 4, -1, 7, 1, 0.39724528392127983
0, 1, 1, -4, -1, -2, -1, -1, 2, -1, 1, 5, 1, 3, 1, 1, -1, -1, -2, -1, -2, -2, 1, -1, -3, 2, 1, -1, -1, -2, 1, -2, 1, -1, -1, 1, -4, 1, 1, 1, 7, 1, 1, -1, -1, -1, -1, -1, 44, 4, 0, 0.4110063987605664, 4, -1, 10, 1, 0.4281283285309804
0, 1, 1, -4, -1, -2, -1, -1, 2, -1, 1, 6, 1, 3, 1, 1, -1, -1, -2, -1, -2, -2, 1, -1, -3, 2, 1, -1, -1, -2, 1, -3, 1, -1, -1, 1, -4, 1, 1, 1, 7, 1, 1, -1, -1, -1, -1, -1, 44, 4, 0, 0.39724528392127983, 4, -1, 37, 1, 0.41649029841354746
0, 1, 1, -5, -1, -2, -1, -1, 2, -1, 1, 6, 1, 3, 1, 1, -1, -1, -2, -1, -2, -2, 1, -1, -3, 2, 1, -1, -1, -2, 1, -3, 1, -1, -1, 1, -4, 1, 2, 1, 7, 1, 1, -1, -1, -1, -1, -1, 44, 4, 0, 0.4281283285309804, 4, -1, 11, 1, 0.41894294862165965
0, 1, 1, -5, -1, -2, -1, -1, 2, -1, 1, 6, 2, 3, 1, 1, -1, -1, -2, -1, -2, -3, 1, -1, -3, 2, 1, -1, -1, -2, 1, -3, 1, -1, -1, 1, -4, 1, 2, 1, 7, 1, 1, -1, -1, -1, -1, -1, 44, 4, 0, 0.41649029841354746, 4, -1, 1, 1, 0.4208852783578843
0, 1, 2, -5, -1, -2, -1, -2, 2, -1, 1, 6, 2, 3, 1, 1, -1, -1, -2, -1, -2, -3, 1, -1, -3, 2, 1, -1, -1, -2, 1, -3, 1, -1, -1, 1, -4, 1, 2, 1, 7, 1, 1, -1, -1, -1, -1, -1, 44, 4, 0, 0.41894294862165965, 4, -1, 36, 1, 0.42245856231543605
0, 1, 2, -5, -1, -2, -1, -2, 2, -1, 1, 6, 2, 3, 1, 1, -1, -1, -2, -1, -2, -3, 1, -1, -3, 2, 1, -1, -2, -2, 1, -3, 1, -1, -1, 1, -4, 2, 2, 1, 7, 1, 1, -1, -1, -1, -1, -1, 44, 4, 0, 0.4208852783578843, 4, -1, 31, 1, 0.4275698349492035
0, 1, 2, -5, -1, -2, -2, -2, 2, -1, 1, 6, 2, 3, 1, 1, -1, -1, -2, -1, -2, -3, 1, -1, -3, 2, 1, -1, -2, -2, 1, -3, 2, -1, -1, 1, -4, 2, 2, 1, 7, 1, 1, -1, -1, -1, -1, -1, 44, 4, 0, 0.42245856231543605, 4, -1, 24, 1, 0.42789992670075855
0, 1, 2, -5, -2, -2, -2, -2, 2, -1, 1, 6, 2, 3, 1, 1, -1, -1, -2, -1, -2, -3, 1, -1, -3, 3, 1, -1, -2, -2, 1, -3, 2, -1, -1, 1, -4, 2, 2, 1, 7, 1, 1, -1, -1, -1, -1, -1, 44, 4, 0, 0.4275698349492035, 4, -1, 9, 1, 0.4285232706820103
0, 1, 2, -5, -2, -2, -2, -2, 2, -1, 2, 6, 2, 3, 1, 1, -1, -1, -2, -2, -2, -3, 1, -1, -3, 3, 1, -1, -2, -2, 1, -3, 2, -1, -1, 1, -4, 2, 2, 1, 7, 1, 1, -1, -1, -1, -1, -1, 44, 4, 0, 0.42789992670075855, 4, -1, 11, 1, 0.4297577671529798
0, 1, 2, -5, -2, -2, -2, -3, 2, -1, 2, 6, 3, 3, 1, 1, -1, -1, -2, -2, -2, -3, 1, -1, -3, 3, 1, -1, -2, -2, 1, -3, 2, -1, -1, 1, -4, 2, 2, 1, 7, 1, 1, -1, -1, -1, -1, -1, 44, 4, 0, 0.4285232706820103, 4, -1, 11, 1, 0.43806813791027605
0, 1, 2, -5, -2, -2, -2, -3, 2, -1, 2, 6, 4, 3, 1, 1, -1, -1, -2, -2, -2, -3, 1, -2, -3, 3, 1, -1, -2, -2, 1, -3, 2, -1, -1, 1, -4, 2, 2, 1, 7, 1, 1, -1, -1, -1, -1, -1, 44, 4, 0, 0.4297577671529798, 4, -1, 38, 1, 0.4338062071469034
0, 1, 2, -5, -2, -2, -2, -3, 2, -1, 2, 6, 4, 3, 1, 1, -1, -1, -2, -2, -2, -4, 1, -2, -3, 3, 1, -1, -2, -2, 1, -3, 2, -1, -1, 1, -4, 2, 2, 2, 7, 1, 1, -1, -1, -1, -1, -1, 44, 4, 0, 0.43806813791027605, 4, -1, 25, 1, 0.436999796748491
0, 1, 2, -5, -2, -2, -2, -3, 2, -1, 2, 6, 4, 3, 1, 1, -1, -1, -2, -2, -2, -4, 1, -2, -3, 3, 2, -1, -3, -2, 1, -3, 2, -1, -1, 1, -4, 2, 2, 2, 7, 1, 1, -1, -1, -1, -1, -1, 44, 4, 0, 0.4338062071469034, 4, -1, 11, 1, 0.44230598037895974
0, 1, 2, -5, -2, -2, -2, -4, 2, -1, 2, 6, 5, 3, 1, 1, -1, -1, -2, -2, -2, -4, 1, -2, -3, 3, 2, -1, -3, -2, 1, -3, 2, -1, -1, 1, -4, 2, 2, 2, 7, 1, 1, -1, -1, -1, -1, -1, 44, 4, 0, 0.436999796748491, 4, -1, 12, 1, 0.1979473552020447
0, 1, 2, -5, -2, -2, -2, -4, 2, -1, 2, 6, 5, 4, 1, 1, -1, -1, -2, -2, -2, -4, 1, -2, -4, 3, 2, -1, -3, -2, 1, -3, 2, -1, -1, 1, -4, 2, 2, 2, 7, 1, 1, -1, -1, -1, -1, -1, 44, 4, 0, 0.44230598037895974, 4, -1, 34, 1, 0.21988785228347346
0, 1, 2, -1, -1, -1, -1, -1, -3, -1, 2, 6, 5, 3, 1, 1, -1, -1, -2, -2, -1, -1, -2, -1, -1, 3, -1, -1, -1, -2, -1, -3, -1, -1, -1, -1, -1, 2, -1, 2, 7, 1, 1, -1, -1, -1, -1, -1, 43, 4, 0, 0.1979473552020447, 4, -1, 39, 4, 0.25715170577930563
0, 1, 2, -1, -1, -1, -1, -1, -3, -1, 2, 6, 5, 3, 1, 1, -1, -1, -2, -2, -1, -1, -2, -1, -1, 3, -1, -1, -1, -2, -1, -3, -1, -1, -1, -1, -1, 2, -1, 2, 11, 1, 1, -1, -1, -1, -1, -1, 43, 4, 0, 0.21988785228347346, 4, -1, 14, 4, 0.2968568190878934
0, 1, 2, -1, -1, -1, -1, -1, -3, -1, 2, 6, 5, 3, 1, 5, -1, -1, -2, -2, -1, -1, -2, -1, -1, 3, -1, -1, -1, -2, -1, -3, -1, -1, -1, -1, -1, 2, -1, 2, 11, 1, 1, -1, -1, -1, -1, -1, 43, 4, 1, 0.25715170577930563, 6, 14, 0, 3, 0.28793567702521633
0, 1, 2, -1, -1, -1, -1, -1, -3, -1, 2, 6, 5, 3, 1, 5, -1, 0, -2, -2, -1, -1, -2, -1, -1, 3, -1, -1, -1, -2, -1, -3, -1, -1, -1, -1, -1, 2, -1, 2, 11, 1, 1, -1, -1, -1, -1, -1, 43, 4, 2, 0.2968568190878934, 3, 14, 16, 4, 0.26876294875195395
0, 1, 2, -1, -1, -1, -1, -1, -3, -1, 2, 6, 5, 3, 1, 1, -1, 4, -2, -2, -1, -1, -2, -1, -1, 3, -1, -1, -1, -2, -1, -3, -1, -1, -1, -1, -1, 2, -1, 2, 11, 1, 1, -1, -1, -1, -1, -1, 43, 4, 1, 0.28793567702521633, 6, 24, 0, 2, 0.31159332974943127
0, 1, 2, -1, -1, -1, -1, -1, -3, -1, 2, 6, 5, 3, 1, 1, -1, 4, -2, -2, -1, -1, -2, -1, -1, 1, -1, -1, -1, -2, -1, -3, -1, -1, -1, -1, -1, 2, -1, 2, 11, 1, 1, -1, -1, -1, -1, -1, 43, 4, 1, 0.26876294875195395, 6, 36, 0, 1, 0.30369579101838035
0, 1, 2, -1, -1, -1, -1, -1, -3, -1, 2, 6, 5, 3, 1, 1, -1, 4, -2, -2, -1, -1, -2, -1, -1, 1, -1, 0, -1, -2, -1, -3, -1, -1, -1, -1, -1, 2, -1, 2, 11, 1, 1, -1, -1, -1, -1, -1, 43, 4, 2, 0.31159332974943127, 3, 36, 26, 1, 0.3006350133097054
0, 1, 2, -1, -1, -1, -1, -1, -3, -1, 2, 6, 5, 3, 1, 1, -1, 4, -2, -2, -1, -1, -2, -1, -1, 1, -1, 1, -1, -2, -1, -3, -1, -1, -1, -1, -1, 1, -1, 2, 11, 1, 1, -1, -1, -1, -1, -1, 43, 4, 1, 0.30369579101838035, 6, 39, 0, 3, 0.3491589378827603
0, 1, 2, -1, -1, -1, -1, -1, -3, -1, 2, 6, 5, 3, 1, 1, -1, 4, -2, -2, -1, -1, -2, -1, -1, 1, -1, 1, -1, -2, -1, -3, -1, -1, -1, -1, -1, 1, -1, 2, 10, 1, 1, -1, -1, -1, -1, -1, 43, 4, 1, 0.3006350133097054, 6, 16, 0, 2, 0.33026173745055487
0, 1, 2, -1, -1, -1, -1, -1, -3, -1, 2, 6, 5, 3, 1, 1, 0, 4, -2, -2, -1, -1, -2, -1, -1, 1, -1, 1, -1, -2, -1, -3, -1, -1, -1, -1, -1, 1, -1, 2, 10, 1, 1, -1, -1, -1, -1, -1, 43, 4, 2, 0.3491589378827603, 3, 16, 15, 2, 0.38103279435915866
0, 1, 2, -1, -1, -1, -1, -1, -3, -1, 2, 6, 5, 3, 1, 1, 2, 2, -2, -2, -1, -1, -2, -1, -1, 1, -1, 1, -1, -2, -1, -3, -1, -1, -1, -1, -1, 1, -1, 2, 10, 1, 1, -1, -1, -1, -1, -1, 43, 4, 1, 0.33026173745055487, 6, 15, 0, 1, 0.3714242358607652
0, 1, 2, -1, -1, -1, -1, -1, -3, -1, 2, 6, 5, 3, 1, 1, 2, 2, -2, -2, 0, -1, -2, -1, -1, 1, -1, 1, -1, -2, -1, -3, -1, -1, -1, -1, -1, 1, -1, 2, 10, 1, 1, -1, -1, -1, -1, -1, 43, 4, 2, 0.38103279435915866, 3, 15, 19, 1, 0.4257506259238055
0, 1, 2, -1, -1, -1, -1, -1, -3, -1, 2, 6, 5, 3, 1, 1, 1, 2, -2, -2, 1, -1, -2, -1, -1, 1, -1, 1, -1, -2, -1, -3, -1, -1, -1, -1, -1, 1, -1, 2, 10, 1, 1, -1, -1, -1, -1, -1, 43, 4, 1, 0.3714242358607652, 6, 39, 0, 3, 0.4364103535106398
0, 1, 2, -1, -1, -1, -1, -1, -3, -1, 2, 6, 5, 3, 1, 1, 1, 2, -2, -2, 1, -1, -2, -1, -1, 1, -1, 1, -1, -2, -1, -3, -1, -1, -1, 0, -1, 1, -1, 2, 10, 1, 1, -1, -1, -1, -1, -1, 43, 4, 2, 0.4257506259238055, 3, 39, 34, 8, 0.41824348296864244
0, 1, 2, -1, -1, -1, -1, -1, -3, -1, 2, 6, 5, 3, 1, 1, 1, 2, -2, -2, 1, -1, -2, -1, -1, 1, -1, 1, -1, -2, -1, -3, -1, -1, -1, 8, -1, 1, -1, 2, 2, 1, 1, -1, -1, -1, -1, -1, 43, 4, 1, 0.4364103535106398, 6, 12, 0, 2, 0.40635606977237876
0, 1, 2, -1, -1, -1, -1, -1, -3, -1, 2, 6, 5, 2, 1, 1, 1, 2, -2, -2, 1, -1, -2, -1, -1, 1, -1, 1, -1, -2, -1, -3, -1, -1, -1, 8, -1, 1, -1, 2, 2, 1, 1, -1, -1, -1, -1, -1, 43, 4, 1, 0.41824348296864244, 6, 12, 0, 1, 0.40446370480343524
0, 1, 2, -1, -1, -1, -1, -1, -3, -1, 2, 6, 5, 1, 1, 1, 1, 2, -2, -2, 1, -1, -2, -1, -1, 1, -1, 1, -1, -2, -1, -3, -1, -1, -1, 8, -1, 1, -1, 2, 2, 1, 1, -1, -1, -1, -1, -1, 43, 4, 1, 0.40635606977237876, 6, 34, 0, 2, 0.40114659530143837
0, 1, 2, -1, -1, -1, -1, -1, -3, -1, 2, 6, 5, 1, 1, 1, 1, 2, -2, -2, 1, -1, -2, -1, -1, 1, -1, 1, -1, -2, -1, -3, -1, -1, -1, 7, -1, 1, -1, 2, 2, 1, 1, -1, -1, -1, -1, -1, 43, 4, 1, 0.40446370480343524, 6, 34, 0, 1, 0.5033937316469351
0, 1, 2, -1, -1, -1, -1, -1, -3, -1, 2, 6, 5, 1, 1, 1, 1, 2, -2, -2, 1, -1, -2, -1, -1, 1, -1, 1, -1, -2, -1, -3, -1, -1, -1, 6, -1, 1, -1, 2, 2, 1, 1, -1, -1, -1, -1, -1, 43, 4, 1, 0.40114659530143837, 6, 34, 0, 3, 0.5068337029404887
0, 1, 2, -1, -1, -1, -1, -1, -3, -1, 2, 6, 5, 1, 1, 1, 1, 2, -2, -2, 1, -1, -2, -1, -1, 1, -1, 1, -1, 0, -1, -3, -1, -1, -1, 6, -1, 1, -1, 2, 2, 1, 1, -1, -1, -1, -1, -1, 43, 4, 2, 0.5033937316469351, 3, 34, 28, 4, 0.575169667600496
0, 1, 2, -1, -1, -1, -1, -1, -3, -1, 2, 6, 5, 1, 1, 1, 1, 2, -2, -2, 1, -1, -2, -1, -1, 1, -1, 1, -1, 4, -1, -3, -1, -1, -1, 2, -1, 1, -1, 2, 2, 1, 1, -1, -1, -1, -1, -1, 43, 4, 1, 0.5068337029404887, 6, 28, 0, 2, 0.5606539165766738
0, 1, 2, -1, -1, -1, -1, -1, -3, -1, 2, 6, 5, 1, 1, 1, 1, 2, -2, -2, 1, -1, -2, -1, -1, 1, -1, 1, 0, 4, -1, -3, -1, -1, -1, 2, -1, 1, -1, 2, 2, 1, 1, -1, -1, -1, -1, -1, 43, 4, 2, 0.575169667600496, 3, 28, 27, 3, 0.5606539165766738
0, 1, 2, -1, -1, -1, -1, -1, -3, -1, 2, 6, 5, 1, 1, 1, 1, 2, -2, -2, 1, -1, -2, -1, -1, 1, -1, 1, 3, 1, -1, -3, -1, -1, -1, 2, -1, 1, -1, 2, 2, 1, 1, -1, -1, -1, -1, -1, 43, 4, 1, 0.5606539165766738, 0, -1, -1, -1, 0.42204521783946863
0, 1, 2, -1, -1, -1, -1, -1, -3, -1, 2, 6, 5, 1, 1, 1, 1, 2, -2, -2, 1, -1, -2, -1, -1, 1, -1, 1, 3, 1, -1, -3, -1, -1, -1, 2, -1, 1, -1, 2, 2, 1, 1, -1, -1, -1, -1, -1, 43, 4, 3, 0.5606539165766738, 5, 10, 11, 4, 0.44130480698936697
0, 1, 2, -1, -1, -1, -2, -1, -2, -1, 2, 2, 9, 1, 1, 1, 1, 2, -1, -1, 1, -1, -2, -1, -1, -1, -3, 1, 3, 1, -1, -3, -1, -1, -1, 2, -1, 1, -1, 2, 2, 1, 1, -1, -1, -1, -1, -1, 41, 4, 0, 0.42204521783946863, 4, -1, 28, 1, 0.5120113080479187
0, 1, 2, -1, -1, -1, -2, -1, -2, -1, 2, 2, 9, 1, 1, 1, 1, 2, -1, -1, 1, -1, -2, -1, -1, -1, -3, 1, 3, 2, -1, -3, -1, -1, -1, 2, -1, 1, -1, 2, 2, 1, 1, -1, -1, -1, -1, -1, 41, 4, 0, 0.44130480698936697, 4, -1, 36, 6, 0.5260215700046229
0, 1, 2, -1, -1, -1, -2, -1, -2, -1, 2, 2, 9, 1, 1, 1, 1, 2, -1, -1, 1, -1, -2, -1, -1, -1, -3, 1, 3, 2, -1, -3, -1, -1, -1, 2, -1, 7, -1, 2, 2, 1, 1, -1, -1, -1, -1, -1, 41, 4, 0, 0.5120113080479187, 4, -1, 16, 1, 0.5478658335242657
0, 1, 2, -1, -1, -1, -2, -1, -2, -1, 2, 2, 9, 1, 1, 1, 1, 3, -1, -1, 1, -1, -2, -1, -1, -1, -3, 1, 3, 2, -1, -3, -1, -1, -1, 2, -1, 7, -1, 2, 2, 1, 1, -1, -1, -1, -1, -1, 41, 4, 0, 0.5260215700046229, 4, -1, 12, 2, 0.6023530796974428
0, 1, 2, -1, -1, -1, -2, -1, -2, -1, 2, 2, 9, 3, 1, 1, 1, 3, -1, -1, 1, -1, -2, -1, -1, -1, -3, 1, 3, 2, -1, -3, -1, -1, -1, 2, -1, 7, -1, 2, 2, 1, 1, -1, -1, -1, -1, -1, 41, 4, 1, 0.5478658335242657, 6, 36, 0, 3, 0.602637370060066
0, 1, 2, -1, -1, -1, -2, -1, -2, -1, 2, 2, 9, 3, 1, 1, 1, 3, -1, -1, 1, -1, -2, -1, -1, -1, -3, 1, 3, 2, -1, -3, -1, -1, -1, 2, 0, 7, -1, 2, 2, 1, 1, -1, -1, -1, -1, -1, 41, 4, 2, 0.6023530796974428, 3, 36, 35, 6, 0.6564574422115389
0, 1, 2, -1, -1, -1, -2, -1, -2, -1, 2, 2, 9, 3, 1, 1, 1, 3, -1, -1, 1, -1, -2, -1, -1, -1, -3, 1, 3, 2, -1, -3, -1, -1, -1, 2, 6, 1, -1, 2, 2, 1, 1, -1, -1, -1, -1, -1, 41, 4, 1, 0.602637370060066, 6, 35, 0, 2, 0.6555569626603149
0, 1, 2, -1, -1, -1, -2, -1, -2, -1, 2, 2, 9, 3, 1, 1, 1, 3, -1, -1, 1, -1, -2, -1, -1, -1, -3, 1, 3, 2, 0, -3, -1, -1, -1, 2, 6, 1, -1, 2, 2, 1, 1, -1, -1, -1, -1, -1, 41, 4, 2, 0.6564574422115389, 3, 35, 29, 5, 0.6478704535816885
0, 1, 2, -1, -1, -1, -2, -1, -2, -1, 2, 2, 9, 3, 1, 1, 1, 3, -1, -1, 1, -1, -2, -1, -1, -1, -3, 1, 3, 2, 5, -3, -1, -1, -1, 2, 1, 1, -1, 2, 2, 1, 1, -1, -1, -1, -1, -1, 41, 4, 1, 0.6555569626603149, 6, 1, 0, 1, 0.7007424792852527
0, 1, 1, -1, -1, -1, -2, -1, -2, -1, 2, 2, 9, 3, 1, 1, 1, 3, -1, -1, 1, -1, -2, -1, -1, -1, -3, 1, 3, 2, 5, -3, -1, -1, -1, 2, 1, 1, -1, 2, 2, 1, 1, -1, -1, -1, -1, -1, 41, 4, 1, 0.6478704535816885, 6, 27, 0, 1, 0.6885123154723365
0, 1, 1, -1, -1, -1, -2, -1, -2, -1, 2, 2, 9, 3, 1, 1, 1, 3, -1, -1, 1, -1, -2, -1, -1, -1, -3, 1, 3, 2, 5, -3, -1, -1, 0, 2, 1, 1, -1, 2, 2, 1, 1, -1, -1, -1, -1, -1, 41, 4, 2, 0.7007424792852527, 3, 27, 33, 1, 0.6837723010943428
0, 1, 1, -1, -1, -1, -2, -1, -2, -1, 2, 2, 9, 3, 1, 1, 1, 3, -1, -1, 1, -1, -2, -1, -1, -1, -3, 1, 2, 2, 5, -3, -1, -1, 1, 2, 1, 1, -1, 2, 2, 1, 1, -1, -1, -1, -1, -1, 41, 4, 1, 0.6885123154723365, 6, 29, 0, 1, 0.6745439214748509
0, 1, 1, -1, -1, -1, -2, -1, -2, -1, 2, 2, 9, 3, 1, 1, 1, 3, -1, -1, 1, -1, -2, -1, -1, -1, -3, 1, 2, 2, 4, -3, -1, -1, 1, 2, 1, 1, -1, 2, 2, 1, 1, -1, -1, -1, -1, -1, 41, 4, 1, 0.6837723010943428, 6, 28, 0, 1, 0.659456100431028
0, 1, 1, -1, -1, -1, -2, -1, -2, -1, 2, 2, 9, 3, 1, 1, 1, 3, -1, -1, 1, -1, -2, -1, -1, -1, -3, 1, 2, 1, 4, -3, -1, -1, 1, 2, 1, 1, -1, 2, 2, 1, 1, -1, -1, -1, -1, -1, 41, 4, 1, 0.6745439214748509, 6, 12, 0, 2, 0.7136111634826477
0, 1, 1, -1, -1, -1, -2, -1, -2, -1, 2, 2, 9, 2, 1, 1, 1, 3, -1, -1, 1, -1, -2, -1, -1, -1, -3, 1, 2, 1, 4, -3, -1, -1, 1, 2, 1, 1, -1, 2, 2, 1, 1, -1, -1, -1, -1, -1, 41, 4, 1, 0.659456100431028, 6, 10, 0, 1, 0.7037222190861625
0, 1, 1, -1, -1, -1, -2, -1, -2, -1, 2, 2, 9, 2, 1, 1, 1, 3, -1, -1, 1, -1, -2, -1, -1, 0, -3, 1, 2, 1, 4, -3, -1, -1, 1, 2, 1, 1, -1, 2, 2, 1, 1, -1, -1, -1, -1, -1, 41, 4, 2, 0.7136111634826477, 3, 10, 24, 1, 0.7037222190861625
0, 1, 1, -1, -1, -1, -2, -1, -2, -1, 2, 1, 9, 2, 1, 1, 1, 3, -1, -1, 1, -1, -2, -1, -1, 1, -3, 1, 2, 1, 4, -3, -1, -1, 1, 2, 1, 1, -1, 2, 2, 1, 1, -1, -1, -1, -1, -1, 41, 4, 1, 0.7037222190861625, 0, -1, -1, -1, 0.6150395100378985
0, 1, 1, -1, -1, -1, -2, -1, -2, -1, 2, 1, 9, 2, 1, 1, 1, 3, -1, -1, 1, -1, -2, -1, -1, 1, -3, 1, 2, 1, 4, -3, -1, -1, 1, 2, 1, 1, -1, 2, 2, 1, 1, -1, -1, -1, -1, -1, 41, 4, 3, 0.7037222190861625, 5, 27, 33, 1, 0.6537219238923002
0, 1, 1, -1, -1, -1, -2, -2, -2, -1, 2, 1, 9, 2, 1, 1, 1, 3, -1, -1, 1, -4, -2, -1, -2, 1, -2, 1, 1, 1, 4, -3, -3, -1, 2, 2, 1, 1, -1, 2, 2, 1, 1, -1, -1, -1, -1, -1, 40, 4, 0, 0.6150395100378985, 4, -1, 28, 3, 0.6782826104170891
0, 1, 1, -1, -1, -1, -2, -2, -2, -1, 2, 1, 9, 2, 1, 1, 1, 3, -1, -1, 1, -4, -2, -1, -2, 1, -2, 1, 1, 4, 4, -3, -3, -1, 2, 2, 1, 1, -1, 2, 2, 1, 1, -1, -1, -1, -1, -1, 40, 4, 0, 0.6537219238923002, 4, -1, 12, 2, 0.7074575602390463
0, 1, 1, -1, -1, -1, -2, -2, -2, -1, 2, 1, 9, 4, 1, 1, 1, 3, -1, -1, 1, -4, -2, -1, -2, 1, -2, 1, 1, 4, 4, -3, -3, -1, 2, 2, 1, 1, -1, 2, 2, 1, 1, -1, -1, -1, -1, -1, 40, 4, 0, 0.6782826104170891, 4, -1, 36, 6, 0.7100065586017456
0, 1, 1, -1, -1, -1, -2, -2, -2, -1, 2, 1, 9, 4, 1, 1, 1, 3, -1, -1, 1, -4, -2, -1, -2, 1, -2, 1, 1, 4, 4, -3, -3, -1, 2, 2, 1, 7, -1, 2, 2, 1, 1, -1, -1, -1, -1, -1, 40, 4, 0, 0.7074575602390463, 4, -1, 15, 1, 0.7529100329121335
0, 1, 1, -1, -1, -1, -2, -2, -2, -1, 2, 1, 9, 4, 1, 1, 2, 3, -1, -1, 1, -4, -2, -1, -2, 1, -2, 1, 1, 4, 4, -3, -3, -1, 2, 2, 1, 7, -1, 2, 2, 1, 1, -1, -1, -1, -1, -1, 40, 4, 1, 0.7100065586017456, 6, 12, 0, 3, 0.7468388307121131
0, 1, 1, 0, -1, -1, -2, -2, -2, -1, 2, 1, 9, 4, 1, 1, 2, 3, -1, -1, 1, -4, -2, -1, -2, 1, -2, 1, 1, 4, 4, -3, -3, -1, 2, 2, 1, 7, -1, 2, 2, 1, 1, -1, -1, -1, -1, -1, 40, 4, 2, 0.7529100329121335, 3, 12, 2, 3, 0.7600616859182514
0, 1, 1, 3, -1, -1, -2, -2, -2, -1, 2, 1, 9, 1, 1, 1, 2, 3, -1, -1, 1, -4, -2, -1, -2, 1, -2, 1, 1, 4, 4, -3, -3, -1, 2, 2, 1, 7, -1, 2, 2, 1, 1, -1, -1, -1, -1, -1, 40, 4, 1, 0.7468388307121131, 6, 29, 0, 1, 0.7979828292092995
0, 1, 1, 3, -1, -1, -2, -2, -2, -1, 2, 1, 9, 1, 1, 1, 2, 3, -1, -1, 1, -4, -2, -1, -2, 1, -2, 1, 1, 4, 4, -3, -2, -1, 2, 2, 1, 7, -1, 2, 2, 1, 1, -1, -1, -1, -1, -1, 40, 4, 1, 0.7600616859182514, 6, 28, 0, 2, 0.7929294588965187
0, 1, 1, 3, -1, -1, -2, -2, -2, -1, 2, 1, 9, 1, 1, 1, 2, 3, -1, -1, 1, -4, -2, -1, -2, 1, -2, 1, 1, 4, 4, -3, -2, 0, 2, 2, 1, 7, -1, 2, 2, 1, 1, -1, -1, -1, -1, -1, 40, 4, 2, 0.7979828292092995, 3, 28, 32, 3, 0.8383549446147054
0, 1, 1, 3, -1, -1, -2, -2, -2, -1, 2, 1, 9, 1, 1, 1, 2, 3, -1, -1, 1, -4, -2, -1, -2, 1, -2, 1, 1, 1, 4, -3, -2, 3, 2, 2, 1, 7, -1, 2, 2, 1, 1, -1, -1, -1, -1, -1, 40, 4, 1, 0.7929294588965187, 6, 29, 0, 3, 0.8343314142515799
0, 1, 1, 3, -1, -1, -2, -2, -2, -1, 2, 1, 9, 1, 1, 1, 2, 3, -1, -1, 1, -4, -2, -1, -2, 1, -2, 1, 1, 1, 4, -3, 0, 3, 2, 2, 1, 7, -1, 2, 2, 1, 1, -1, -1, -1, -1, -1, 40, 4, 2, 0.8383549446147054, 3, 29, 31, 3, 0.82760345133063
0, 1, 1, 3, -1, -1, -2, -2, -2, -1, 2, 1, 9, 1, 1, 1, 2, 3, -1, -1, 1, -4, -2, -1, -2, 1, -2, 1, 1, 1, 1, -3, 3, 3, 2, 2, 1, 7, -1, 2, 2, 1, 1, -1, -1, -1, -1, -1, 40, 4, 1, 0.8343314142515799, 6, 32, 0, 1, 0.8207057735924225
0, 1, 1, 3, -1, -1, -2, -2, -2, -1, 2, 1, 9, 1, 1, 1, 2, 3, -1, -1, 1, -4, -2, -1, -2, 1, -2, 1, 1, 1, 1, -3, 3, 2, 2, 2, 1, 7, -1, 2, 2, 1, 1, -1, -1, -1, -1, -1, 40, 4, 1, 0.82760345133063, 6, 31, 0, 1, 0.8512389335971812
0, 1, 1, 3, -1, -1, -2, -2, -2, -1, 2, 1, 9, 1, 1, 1, 2, 3, -1, -1, 1, -4, -2, -1, -2, 1, -2, 1, 1, 1, 1, -3, 2, 2, 2, 2, 1, 7, -1, 2, 2, 1, 1, -1, -1, -1, -1, -1, 40, 4, 1, 0.8207057735924225, 6, 2, 0, 2, 0.8450445298842836
0, 1, 1, 3, 0, -1, -2, -2, -2, -1, 2, 1, 9, 1, 1, 1, 2, 3, -1, -1, 1, -4, -2, -1, -2, 1, -2, 1, 1, 1, 1, -3, 2, 2, 2, 2, 1, 7, -1, 2, 2, 1, 1, -1, -1, -1, -1, -1, 40, 4, 2, 0.8512389335971812, 3, 2, 3, 1, 0.8721048632921407
0, 1, 1, 2, 1, -1, -2, -2, -2, -1, 2, 1, 9, 1, 1, 1, 2, 3, -1, -1, 1, -4, -2, -1, -2, 1, -2, 1, 1, 1, 1, -3, 2, 2, 2, 2, 1, 7, -1, 2, 2, 1, 1, -1, -1, -1, -1, -1, 40, 4, 1, 0.8450445298842836, 6, 36, 0, 2, 0.886217401383372
0, 1, 1, 2, 1, -1, -2, -2, -2, -1, 2, 1, 9, 1, 1, 1, 2, 3, -1, 0, 1, -4, -2, -1, -2, 1, -2, 1, 1, 1, 1, -3, 2, 2, 2, 2, 1, 7, -1, 2, 2, 1, 1, -1, -1, -1, -1, -1, 40, 4, 2, 0.8721048632921407, 3, 36, 18, 4, 0.8828758677987244
0, 1, 1, 2, 1, -1, -2, -2, -2, -1, 2, 1, 9, 1, 1, 1, 2, 3, -1, 4, 1, -4, -2, -1, -2, 1, -2, 1, 1, 1, 1, -3, 2, 2, 2, 2, 1, 3, -1, 2, 2, 1, 1, -1, -1, -1, -1, -1, 40, 4, 1, 0.886217401383372, 6, 31, 0, 1, 0.8798502665739081
0, 1, 1, 2, 1, -1, -2, -2, -2, -1, 2, 1, 9, 1, 1, 1, 2, 3, -1, 4, 1, -4, -2, -1, -2, 1, -2, 1, 1, 1, 1, -3, 1, 2, 2, 2, 1, 3, -1, 2, 2, 1, 1, -1, -1, -1, -1, -1, 40, 4, 1, 0.8828758677987244, 6, 18, 0, 1, 0.9027938165101732
0, 1, 1, 2, 1, -1, -2, -2, -2, -1, 2, 1, 9, 1, 1, 1, 2, 3, -1, 3, 1, -4, -2, -1, -2, 1, -2, 1, 1, 1, 1, -3, 1, 2, 2, 2, 1, 3, -1, 2, 2, 1, 1, -1, -1, -1, -1, -1, 40, 4, 1, 0.8798502665739081, 6, 18, 0, 1, 0.8975701061744791
0, 1, 1, 2, 1, -1, -2, -2, -2, -1, 2, 1, 9, 1, 1, 1, 2, 3, 0, 3, 1, -4, -2, -1, -2, 1, -2, 1, 1, 1, 1, -3, 1, 2, 2, 2, 1, 3, -1, 2, 2, 1, 1, -1, -1, -1, -1, -1, 40, 4, 2, 0.9027938165101732, 3, 18, 17, 1, 0.8934512642430665
0, 1, 1, 2, 1, -1, -2, -2, -2, -1, 2, 1, 9, 1, 1, 1, 2, 3, 1, 2, 1, -4, -2, -1, -2, 1, -2, 1, 1, 1, 1, -3, 1, 2, 2, 2, 1, 3, -1, 2, 2, 1, 1, -1, -1, -1, -1, -1, 40, 4, 1, 0.8975701061744791, 6, 33, 0, 1, 0.8889832965688835
0, 1, 1, 2, 1, -1, -2, -2, -2, -1, 2, 1, 9, 1, 1, 1, 2, 3, 1, 2, 1, -4, -2, -1, -2, 1, -2, 1, 1, 1, 1, -3, 1, 2, 1, 2, 1, 3, -1, 2, 2, 1, 1, -1, -1, -1, -1, -1, 40, 4, 1, 0.8934512642430665, 6, 32, 0, 1, 0.8841587715061038
0, 1, 1, 2, 1, -1, -2, -2, -2, -1, 2, 1, 9, 1, 1, 1, 2, 3, 1, 2, 1, -4, -2, -1, -2, 1, -2, 1, 1, 1, 1, -3, 1, 1, 1, 2, 1, 3, -1, 2, 2, 1, 1, -1, -1, -1, -1, -1, 40, 4, 1, 0.8889832965688835, 6, 2, 0, 1, 0.8841587715061038
0, 1, 1, 1, 1, -1, -2, -2, -2, -1, 2, 1, 9, 1, 1, 1, 2, 3, 1, 2, 1, -4, -2, -1, -2, 1, -2, 1, 1, 1, 1, -3, 1, 1, 1, 2, 1, 3, -1, 2, 2, 1, 1, -1, -1, -1, -1, -1, 40, 4, 1, 0.8841587715061038, 0, -1, -1, -1, 0.8874132694349292
0, 1, 1, 1, 1, -1, -2, -2, -2, -1, 2, 1, 9, 1, 1, 1, 2, 3, 1, 2, 1, -4, -2, -1, -2, 1, -2, 1, 1, 1, 1, -3, 1, 1, 1, 2, 1, 3, -1, 2, 2, 1, 1, -1, -1, -1, -1, -1, 40, 4, 3, 0.8841587715061038, 5, 16, 14, 2, 0.8905878994697485
0, 1, -1, 1, -1, -1, -1, -2, -2, -1, 2, 1, 9, 1, 1, 3, 2, 1, 1, 2, 1, -3, -1, -1, -2, -1, -1, 1, 1, 1, 1, -1, 1, 1, 1, 2, 1, 3, -1, 2, 2, 1, 1, -1, -1, -1, -1, -1, 38, 4, 0, 0.8874132694349292, 4, -1, 28, 1, 0.8935484698451897
0, 1, -1, 1, -1, -1, -1, -2, -2, -1, 2, 1, 9, 1, 1, 3, 2, 1, 1, 2, 1, -3, -1, -1, -2, -1, -1, 1, 1, 2, 1, -1, 1, 1, 1, 2, 1, 3, -1, 2, 2, 1, 1, -1, -1, -1, -1, -1, 38, 4, 0, 0.8905878994697485, 4, -1, 29, 1, 0.9003211620507765
0, 1, -1, 1, -1, -1, -1, -2, -2, -1, 2, 1, 9, 1, 1, 3, 2, 1, 1, 2, 1, -3, -1, -1, -2, -1, -1, 1, 1, 2, 2, -1, 1, 1, 1, 2, 1, 3, -1, 2, 2, 1, 1, -1, -1, -1, -1, -1, 38, 4, 0, 0.8935484698451897, 4, -1, 31, 2, 0.7924131283806581
0, 1, -1, 1, -1, -1, -1, -2, -2, -1, 2, 1, 9, 1, 1, 3, 2, 1, 1, 2, 1, -3, -1, -1, -2, -1, -1, 1, 1, 2, 2, -1, 3, 1, 1, 2, 1, 3, -1, 2, 2, 1, 1, -1, -1, -1, -1, -1, 38, 4, 0, 0.9003211620507765, 4, -1, 11, 13, 0.7936877609099414
0, 1, -1, 1, -1, -1, -1, -2, -2, -1, 2, 1, 22, 1, 1, 3, 2, 1, 1, 2, 1, -3, -1, -1, -2, -1, -1, 1, 1, 2, 2, -1, 3, 1, 1, 2, 1, 3, -1, 2, 2, 1, 1, -1, -1, -1, -1, -1, 38, 4, 0, 0.7924131283806581, 4, -1, 19, 1, 0.7913105903977732
0, 1, -1, 1, -1, -1, -1, -2, -2, -1, 2, 1, 22, 1, 1, 3, 2, 1, 1, 2, 2, -3, -1, -1, -2, -1, -1, 1, 1, 2, 2, -1, 3, 1, 1, 2, 1, 3, -1, 2, 2, 1, 1, -1, -1, -1, -1, -1, 38, 4, 1, 0.7936877609099414, 6, 31, 0, 1, 0.8173365238118674
0, 1, -1, 1, -1, -1, -1, -2, -2, -1, 2, 1, 22, 1, 1, 3, 2, 1, 1, 2, 2, -3, -1, -1, -2, -1, -1, 1, 1, 2, 2, -1, 2, 1, 1, 2, 1, 3, -1, 2, 2, 1, 1, -1, -1, -1, -1, -1, 38, 4, 1, 0.7913105903977732, 6, 29, 0, 1, 0.8161890331983778
0, 1, -1, 1, -1, -1, -1, -2, -2, -1, 2, 1, 22, 1, 1, 3, 2, 1, 1, 2, 2, -3, -1, -1, -2, -1, -1, 1, 1, 2, 2, -1, 2, 1, 1, 2, 1, 3, 0, 2, 2, 1, 1, -1, -1, -1, -1, -1, 38, 4, 2, 0.8173365238118674, 3, 29, 37, 1, 0.8401072757089451
0, 1, -1, 1, -1, -1, -1, -2, -2, -1, 2, 1, 22, 1, 1, 3, 2, 1, 1, 2, 2, -3, -1, -1, -2, -1, -1, 1, 1, 2, 1, -1, 2, 1, 1, 2, 1, 3, 1, 2, 2, 1, 1, -1, -1, -1, -1, -1, 38, 4, 1, 0.8161890331983778, 6, 14, 0, 1, 0.8381232110235243
0, 1, -1, 1, -1, 0, -1, -2, -2, -1, 2, 1, 22, 1, 1, 3, 2, 1, 1, 2, 2, -3, -1, -1, -2, -1, -1, 1, 1, 2, 1, -1, 2, 1, 1, 2, 1, 3, 1, 2, 2, 1, 1, -1, -1, -1, -1, -1, 38, 4, 2, 0.8401072757089451, 3, 14, 4, 2, 0.8381232110235243
0, 0, 0, 0, 0, 0, 0, 0, 0, 0, 0, 0, 0, 0, 0, 0, 0, 0, 0, 0, 0, 0, 0, 0, 0, 0, 0, 0, 0, 0, 0, 0, 0, 0, 0, 0, 0, 0, 0, 0, 0, 0, 0, -1, -1, -1, -1, -1, 44, 4, 0, 0.5, 4, -1, 41, 1, 0.5
0, 0, 0, 0, 0, 0, 0, 0, 0, 0, 0, 0, 0, 0, 0, 0, 0, 0, 0, 0, 0, 0, 0, 0, 0, 0, 0, 0, 0, 0, 0, 0, 0, 0, 0, 0, 0, 0, 0, 0, -1, 0, 1, -1, -1, -1, -1, -1, 44, 4, 0, 0.5, 4, -1, 11, 1, 0.5
0, 0, 0, 0, 0, 0, 0, 0, 0, -1, 0, 0, 1, 0, 0, 0, 0, 0, 0, 0, 0, 0, 0, 0, 0, 0, 0, 0, 0, 0, 0, 0, 0, 0, 0, 0, 0, 0, 0, 0, -1, 0, 1, -1, -1, -1, -1, -1, 44, 4, 0, 0.5, 4, -1, 40, 1, 0.5
0, 0, 0, 0, 0, 0, 0, 0, 0, -1, 0, 0, 1, 0, 0, 0, 0, 0, -1, 0, 0, 0, 0, 0, 0, 0, 0, 0, 0, 0, 0, 0, 0, 0, 0, 0, 0, 0, 0, 0, -1, 1, 1, -1, -1, -1, -1, -1, 44, 4, 0, 0.5, 4, -1, 9, 1, 0.5
0, 0, 0, 0, 0, 0, 0, 0, 0, -1, 1, 0, 1, 0, 0, 0, 0, 0, -1, 0, 0, 0, 0, 0, 0, 0, 0, 0, 0, 0, 0, 0, -1, 0, 0, 0, 0, 0, 0, 0, -1, 1, 1, -1, -1, -1, -1, -1, 44, 4, 0, 0.5, 4, -1, 38, 1, 0.5
0, 0, 0, 0, 0, 0, 0, 0, 0, -1, 1, 0, 1, 0, 0, 0, 0, 0, -1, 0, 0, 0, 0, 0, 0, 0, 0, 0, 0, 0, 0, 0, -1, 0, -1, 0, 0, 0, 0, 1, -1, 1, 1, -1, -1, -1, -1, -1, 44, 4, 0, 0.5, 4, -1, 12, 1, 0.5
0, 0, 0, 0, 0, 0, 0, -1, 0, -1, 1, 0, 1, 1, 0, 0, 0, 0, -1, 0, 0, 0, 0, 0, 0, 0, 0, 0, 0, 0, 0, 0, -1, 0, -1, 0, 0, 0, 0, 1, -1, 1, 1, -1, -1, -1, -1, -1, 44, 4, 0, 0.5, 4, -1, 10, 1, 0.5
0, 0, 0, 0, -1, 0, 0, -1, 0, -1, 1, 1, 1, 1, 0, 0, 0, 0, -1, 0, 0, 0, 0, 0, 0, 0, 0, 0, 0, 0, 0, 0, -1, 0, -1, 0, 0, 0, 0, 1, -1, 1, 1, -1, -1, -1, -1, -1, 44, 4, 0, 0.5, 4, -1, 24, 1, 0.5
0, 0, 0, 0, -1, 0, 0, -1, 0, -1, 1, 1, 1, 1, 0, -1, 0, 0, -1, 0, 0, 0, 0, 0, 0, 1, 0, 0, 0, 0, 0, 0, -1, 0, -1, 0, 0, 0, 0, 1, -1, 1, 1, -1, -1, -1, -1, -1, 44, 4, 0, 0.5, 4, -1, 28, 1, 0.5
0, 0, 0, 0, -1, 0, 0, -1, 0, -1, 1, 1, 1, 1, 0, -1, 0, 0, -1, 0, 0, 0, 0, 0, 0, 1, 0, -1, 0, 1, 0, 0, -1, 0, -1, 0, 0, 0, 0, 1, -1, 1, 1, -1, -1, -1, -1, -1, 44, 4, 0, 0.5, 4, -1, 35, 1, 0.5
0, 0, 0, 0, -1, 0, 0, -1, 0, -1, 1, 1, 1, 1, 0, -1, 0, 0, -1, 0, 0, 0, 0, 0, 0, 1, 0, -1, 0, 1, 0, 0, -1, 0, -1, -1, 1, 0, 0, 1, -1, 1, 1, -1, -1, -1, -1, -1, 44, 4, 0, 0.5, 4, -1, 20, 1, 0.5
0, 0, 0, 0, -1, 0, 0, -1, 0, -1, 1, 1, 1, 1, 0, -1, 0, 0, -1, 0, 0, 1, 0, 0, 0, 1, 0, -1, 0, 1, 0, 0, -1, 0, -1, -1, 1, -1, 0, 1, -1, 1, 1, -1, -1, -1, -1, -1, 44, 4, 0, 0.5, 4, -1, 29, 1, 0.5
0, -1, 0, 0, -1, 0, 0, -1, 0, -1, 1, 1, 1, 1, 0, -1, 0, 0, -1, 0, 0, 1, 0, 0, 0, 1, 0, -1, 0, 1, 1, 0, -1, 0, -1, -1, 1, -1, 0, 1, -1, 1, 1, -1, -1, -1, -1, -1, 44, 4, 0, 0.5, 4, -1, 2, 1, 0.5
0, -1, 0, 1, -1, -1, 0, -1, 0, -1, 1, 1, 1, 1, 0, -1, 0, 0, -1, 0, 0, 1, 0, 0, 0, 1, 0, -1, 0, 1, 1, 0, -1, 0, -1, -1, 1, -1, 0, 1, -1, 1, 1, -1, -1, -1, -1, -1, 44, 4, 0, 0.5, 4, -1, 1, 1, 0.5
0, -1, 1, 1, -1, -1, 0, -1, 0, -1, 1, 1, 1, 1, 0, -1, 0, 0, -1, -1, 0, 1, 0, 0, 0, 1, 0, -1, 0, 1, 1, 0, -1, 0, -1, -1, 1, -1, 0, 1, -1, 1, 1, -1, -1, -1, -1, -1, 44, 4, 0, 0.5, 4, -1, 22, 1, 0.5
0, -1, 1, 1, -1, -1, 0, -1, 0, -1, 1, 1, 1, 1, 0, -1, 0, 0, -1, -1, 0, 1, 0, 1, 0, 1, 0, -1, 0, 1, 1, 0, -1, -1, -1, -1, 1, -1, 0, 1, -1, 1, 1, -1, -1, -1, -1, -1, 44, 4, 0, 0.5, 4, -1, 15, 1, 0.5
0, -1, 1, 1, -1, -1, 0, -1, 0, -1, 1, 1, 1, 1, 0, -1, 1, 0, -1, -1, 0, 1, 0, 1, 0, 1, 0, -1, 0, 1, 1, 0, -1, -1, -1, -1, 1, -1, -1, 1, -1, 1, 1, -1, -1, -1, -1, -1, 44, 4, 0, 0.5, 4, -1, 5, 1, 0.5
0, -1, 1, 1, -1, -1, 1, -1, -1, -1, 1, 1, 1, 1, 0, -1, 1, 0, -1, -1, 0, 1, 0, 1, 0, 1, 0, -1, 0, 1, 1, 0, -1, -1, -1, -1, 1, -1, -1, 1, -1, 1, 1, -1, -1, -1, -1, -1, 44, 4, 0, 0.5, 4, -1, 30, 1, 0.5
0, -1, 1, 1, -1, -1, 1, -1, -1, -1, 1, 1, 1, 1, 0, -1, 1, 0, -1, -1, 0, 1, -1, 1, 0, 1, 0, -1, 0, 1, 1, 1, -1, -1, -1, -1, 1, -1, -1, 1, -1, 1, 1, -1, -1, -1, -1, -1, 44, 4, 0, 0.5, 4, -1, 13, 1, 0.5
0, -1, 1, 1, -1, -1, 1, -1, -1, -1, 1, 1, 1, 1, 1, -1, 1, 0, -1, -1, 0, 1, -1, 1, 0, 1, -1, -1, 0, 1, 1, 1, -1, -1, -1, -1, 1, -1, -1, 1, -1, 1, 1, -1, -1, -1, -1, -1, 44, 4, 0, 0.5, 4, -1, 16, 1, 0.5
0, -1, 1, 1, -1, -1, 1, -1, -1, -1, 1, 1, 1, 1, 1, -1, 1, 1, -1, -1, 0, 1, -1, 1, -1, 1, -1, -1, 0, 1, 1, 1, -1, -1, -1, -1, 1, -1, -1, 1, -1, 1, 1, -1, -1, -1, -1, -1, 44, 4, 0, 0.5, 4, -1, 19, 1, 0.5
0, -1, 1, 1, -1, -1, 1, -1, -1, -1, 1, 1, 1, 1, 1, -1, 1, 1, -1, -1, 1, 1, -1, 1, -1, 1, -1, -1, -1, 1, 1, 1, -1, -1, -1, -1, 1, -1, -1, 1, -1, 1, 1, -1, -1, -1, -1, -1, 44, 4, 0, 0.5, 4, -1, 19, 1, 0.5
0, -1, 1, 1, -1, -1, 1, -2, -1, -1, 1, 1, 1, 1, 1, -1, 1, 1, -1, -1, 2, 1, -1, 1, -1, 1, -1, -1, -1, 1, 1, 1, -1, -1, -1, -1, 1, -1, -1, 1, -1, 1, 1, -1, -1, -1, -1, -1, 44, 4, 0, 0.5, 4, -1, 10, 1, 0.5
0, -1, 1, 1, -1, -1, 1, -2, -1, -1, 1, 2, 1, 1, 1, -1, 1, 1, -1, -1, 2, 1, -1, 1, -1, 1, -2, -1, -1, 1, 1, 1, -1, -1, -1, -1, 1, -1, -1, 1, -1, 1, 1, -1, -1, -1, -1, -1, 44, 4, 0, 0.5, 4, -1, 12, 1, 0.5
0, -1, 1, 1, -1, -1, 1, -2, -1, -1, 1, 2, 1, 2, 1, -1, 1, 1, -1, -1, 2, 1, -1, 1, -1, 1, -2, -1, -1, 1, 1, 1, -1, -1, -1, -1, 1, -1, -2, 1, -1, 1, 1, -1, -1, -1, -1, -1, 44, 4, 0, 0.5, 4, -1, 10, 1, 0.5
0, -1, 1, 1, -1, -1, 1, -2, -1, -1, 1, 3, 1, 2, 1, -1, 1, 1, -2, -1, 2, 1, -1, 1, -1, 1, -2, -1, -1, 1, 1, 1, -1, -1, -1, -1, 1, -1, -2, 1, -1, 1, 1, -1, -1, -1, -1, -1, 44, 4, 0, 0.5, 4, -1, 19, 1, 0.4074875812681615
0, -1, 1, 1, -1, -1, 1, -2, -1, -1, 1, 3, 1, 2, 1, -1, 1, 1, -2, -1, 3, 1, -1, 1, -1, 1, -2, -1, -1, 1, 1, 1, -1, -2, -1, -1, 1, -1, -2, 1, -1, 1, 1, -1, -1, -1, -1, -1, 44, 4, 0, 0.5, 4, -1, 10, 1, 0.37150269206294717
0, -1, 1, 1, -1, -1, 1, -2, -1, -1, 1, 4, 1, 2, 1, -1, 1, 1, -2, -1, 3, 1, -1, 1, -1, 1, -2, -1, -1, 1, 1, 1, -1, -2, -1, -1, 1, -2, -2, 1, -1, 1, 1, -1, -1, -1, -1, -1, 44, 4, 0, 0.4074875812681615, 4, -1, 9, 1, 0.29952817920533004
0, -1, 1, 1, -1, -1, 1, -2, -1, -1, 2, 4, 1, 2, 1, -1, 1, 1, -2, -1, 3, 1, -1, 1, -1, 1, -2, -1, -1, 1, 1, 1, -1, -2, -1, -2, 1, -2, -2, 1, -1, 1, 1, -1, -1, -1, -1, -1, 44, 4, 0, 0.37150269206294717, 4, -1, 10, 1, 0.33289215485596074
0, -1, 1, 1, -1, -1, 1, -2, -1, -1, 2, 5, 1, 2, 1, -1, 1, 1, -2, -1, 3, 1, -1, 1, -1, 1, -2, -1, -1, 1, 1, 1, -1, -2, -1, -3, 1, -2, -2, 1, -1, 1, 1, -1, -1, -1, -1, -1, 44, 4, 0, 0.29952817920533004, 4, -1, 13, 1, 0.3491615326418564
0, -1, 1, 1, -1, -1, 1, -2, -1, -1, 2, 5, 1, 2, 2, -1, 1, 1, -3, -1, 3, 1, -1, 1, -1, 1, -2, -1, -1, 1, 1, 1, -1, -2, -1, -3, 1, -2, -2, 1, -1, 1, 1, -1, -1, -1, -1, -1, 44, 4, 0, 0.33289215485596074, 4, -1, 12, 1, 0.3645983273989075
0, -1, 1, 1, -1, -1, 1, -2, -1, -1, 2, 5, 1, 3, 2, -1, 1, 1, -3, -1, 3, 1, -1, 1, -1, 1, -2, -1, -2, 1, 1, 1, -1, -2, -1, -3, 1, -2, -2, 1, -1, 1, 1, -1, -1, -1, -1, -1, 44, 4, 0, 0.3491615326418564, 4, -1, 1, 1, 0.35904475061779567
0, -1, 2, 1, -1, -1, 1, -2, -1, -1, 2, 5, 1, 3, 2, -1, 1, 1, -3, -1, 3, 1, -1, 1, -1, 1, -2, -1, -3, 1, 1, 1, -1, -2, -1, -3, 1, -2, -2, 1, -1, 1, 1, -1, -1, -1, -1, -1, 44, 4, 0, 0.3645983273989075, 4, -1, 12, 1, 0.35647965411836774
0, -1, 2, 1, -1, -1, 1, -2, -1, -1, 2, 5, 1, 4, 2, -2, 1, 1, -3, -1, 3, 1, -1, 1, -1, 1, -2, -1, -3, 1, 1, 1, -1, -2, -1, -3, 1, -2, -2, 1, -1, 1, 1, -1, -1, -1, -1, -1, 44, 4, 0, 0.35904475061779567, 4, -1, 35, 1, 0.4293820390721262
0, -1, 2, 1, -1, -1, 1, -2, -1, -2, 2, 5, 1, 4, 2, -2, 1, 1, -3, -1, 3, 1, -1, 1, -1, 1, -2, -1, -3, 1, 1, 1, -1, -2, -1, -3, 2, -2, -2, 1, -1, 1, 1, -1, -1, -1, -1, -1, 44, 4, 0, 0.35647965411836774, 4, -1, 11, 1, 0.42842167581651813
0, -1, 2, 1, -1, -1, 1, -2, -1, -2, 2, 5, 2, 4, 2, -2, 1, 1, -4, -1, 3, 1, -1, 1, -1, 1, -2, -1, -3, 1, 1, 1, -1, -2, -1, -3, 2, -2, -2, 1, -1, 1, 1, -1, -1, -1, -1, -1, 44, 4, 0, 0.4293820390721262, 4, -1, 16, 1, 0.46238171973368497
0, -1, 2, 1, -1, -2, 1, -2, -1, -2, 2, 5, 2, 4, 2, -2, 1, 2, -4, -1, 3, 1, -1, 1, -1, 1, -2, -1, -3, 1, 1, 1, -1, -2, -1, -3, 2, -2, -2, 1, -1, 1, 1, -1, -1, -1, -1, -1, 44, 4, 0, 0.42842167581651813, 4, -1, 41, 1, 0.5
0, -1, 2, 1, -1, -2, 1, -2, -1, -2, 2, 5, 2, 4, 2, -2, 1, 2, -4, -1, 3, 1, -1, 1, -1, 1, -2, -1, -4, 1, 1, 1, -1, -2, -1, -3, 2, -2, -2, 1, -1, 1, 2, -1, -1, -1, -1, -1, 44, 4, 0, 0.46238171973368497, 4, -1, 40, 1, 0.5
0, -1, 2, 1, -1, -2, 1, -2, -1, -2, 2, 5, 2, 4, 2, -2, 1, 2, -5, -1, 3, 1, -1, 1, -1, 1, -2, -1, -4, 1, 1, 1, -1, -2, -1, -3, 2, -2, -2, 1, -1, 2, 2, -1, -1, -1, -1, -1, 44, 4, 0, 0.5, 4, -1, 29, 1, 0.5
0, -1, 2, 1, -1, -2, 1, -2, -1, -2, 2, 5, 2, 4, 2, -2, 1, 2, -5, -1, 3, 1, -2, 1, -1, 1, -2, -1, -4, 1, 2, 1, -1, -2, -1, -3, 2, -2, -2, 1, -1, 2, 2, -1, -1, -1, -1, -1, 44, 4, 0, 0.5, 4, -1, 9, 1, 0.524888459967684
0, -1, 2, 1, -1, -2, 1, -2, -1, -2, 3, 5, 2, 4, 2, -2, 1, 2, -5, -1, 3, 1, -2, 1, -1, 1, -2, -1, -4, 1, 2, 1, -1, -3, -1, -3, 2, -2, -2, 1, -1, 2, 2, -1, -1, -1, -1, -1, 44, 4, 0, 0.5, 4, -1, 40, 1, 0.5450190293581608
0, -1, 2, 1, -1, -2, 1, -2, -1, -2, 3, 5, 2, 4, 2, -2, 1, 2, -5, -1, 3, 1, -2, 1, -1, 1, -2, -1, -5, 1, 2, 1, -1, -3, -1, -3, 2, -2, -2, 1, -1, 3, 2, -1, -1, -1, -1, -1, 44, 4, 0, 0.524888459967684, 4, -1, 22, 1, 0.5583202571474105
0, -1, 2, 1, -1, -2, 1, -2, -1, -2, 3, 5, 2, 4, 2, -2, 1, 2, -6, -1, 3, 1, -2, 2, -1, 1, -2, -1, -5, 1, 2, 1, -1, -3, -1, -3, 2, -2, -2, 1, -1, 3, 2, -1, -1, -1, -1, -1, 44, 4, 0, 0.5450190293581608, 4, -1, 15, 1, 0.5578987177951121
0, -1, 2, 1, -1, -2, 1, -2, -1, -2, 3, 5, 2, 4, 2, -2, 2, 2, -6, -1, 3, 1, -2, 2, -1, 1, -2, -1, -6, 1, 2, 1, -1, -3, -1, -3, 2, -2, -2, 1, -1, 3, 2, -1, -1, -1, -1, -1, 44, 4, 0, 0.5583202571474105, 4, -1, 22, 1, 0.5624532489192023
0, -1, 2, 1, -1, -2, 1, -2, -1, -3, 3, 5, 2, 4, 2, -2, 2, 2, -6, -1, 3, 1, -2, 3, -1, 1, -2, -1, -6, 1, 2, 1, -1, -3, -1, -3, 2, -2, -2, 1, -1, 3, 2, -1, -1, -1, -1, -1, 44, 4, 0, 0.5578987177951121, 4, -1, 16, 1, 0.5692146301199279
0, -1, 2, 1, -1, -2, 1, -2, -2, -3, 3, 5, 2, 4, 2, -2, 2, 3, -6, -1, 3, 1, -2, 3, -1, 1, -2, -1, -6, 1, 2, 1, -1, -3, -1, -3, 2, -2, -2, 1, -1, 3, 2, -1, -1, -1, -1, -1, 44, 4, 0, 0.5624532489192023, 4, -1, 41, 1, 0.5667166135940174
0, -1, 2, 1, -1, -2, 1, -2, -2, -3, 3, 5, 2, 4, 2, -2, 2, 3, -6, -1, 3, 1, -2, 3, -1, 1, -2, -1, -6, 1, 2, 1, -1, -3, -1, -4, 2, -2, -2, 1, -1, 3, 3, -1, -1, -1, -1, -1, 44, 4, 0, 0.5692146301199279, 4, -1, 20, 1, 0.5646886168743414
0, -1, 2, 1, -1, -2, 1, -2, -2, -3, 3, 5, 2, 4, 2, -2, 2, 3, -6, -1, 3, 2, -2, 3, -1, 1, -2, -1, -6, 1, 2, 1, -1, -3, -1, -4, 2, -2, -2, 1, -2, 3, 3, -1, -1, -1, -1, -1, 44, 4, 0, 0.5667166135940174, 4, -1, 5, 1, 0.5602052082202036
0, -1, 2, 1, -1, -2, 2, -2, -2, -3, 3, 5, 2, 4, 2, -2, 2, 3, -6, -1, 3, 2, -2, 3, -1, 1, -2, -1, -6, 1, 2, 1, -1, -3, -2, -4, 2, -2, -2, 1, -2, 3, 3, -1, -1, -1, -1, -1, 44, 4, 0, 0.5646886168743414, 4, -1, 24, 1, 0.4803301681444141
0, -1, 2, 1, -1, -2, 2, -2, -2, -3, 3, 5, 2, 4, 2, -2, 2, 3, -6, -1, 3, 2, -2, 3, -1, 2, -3, -1, -6, 1, 2, 1, -1, -3, -2, -4, 2, -2, -2, 1, -2, 3, 3, -1, -1, -1, -1, -1, 44, 4, 0, 0.5602052082202036, 4, -1, 38, 1, 0.4638033705642467
0, -1, 2, -1, -3, -1, 2, -3, -2, -1, 3, 5, 2, 4, 2, -2, 2, 2, -1, -1, 3, 1, -1, 3, -1, 2, -1, -1, -7, -2, 2, 1, -1, -3, -1, -1, -1, -2, -2, 2, -1, 2, 3, -1, -1, -1, -1, -1, 43, 4, 0, 0.4803301681444141, 4, -1, 12, 2, 0.47489479546597013
0, -1, 2, -1, -3, -1, 2, -3, -2, -1, 3, 5, 2, 6, 2, -2, 2, 2, -1, -1, 3, 1, -1, 3, -1, 2, -1, -1, -7, -2, 2, 1, -1, -3, -1, -1, -1, -2, -2, 2, -1, 2, 3, -1, -1, -1, -1, -1, 43, 4, 0, 0.4638033705642467, 4, -1, 1, 1, 0.4909974449918363
0, -1, 3, -1, -3, -1, 2, -3, -2, -1, 3, 5, 2, 6, 2, -2, 2, 2, -1, -1, 3, 1, -1, 3, -1, 2, -1, -1, -7, -2, 2, 1, -1, -3, -1, -1, -1, -2, -2, 2, -1, 2, 3, -1, -1, -1, -1, -1, 43, 4, 0, 0.47489479546597013, 4, -1, 15, 3, 0.4877551440295588
0, -1, 3, -1, -3, -1, 2, -3, -2, -1, 3, 5, 2, 6, 2, -2, 5, 2, -1, -1, 3, 1, -1, 3, -1, 2, -1, -1, -7, -2, 2, 1, -1, -3, -1, -1, -1, -2, -2, 2, -1, 2, 3, -1, -1, -1, -1, -1, 43, 4, 0, 0.4909974449918363, 4, -1, 10, 1, 0.49767124510943667
0, -1, 3, -1, -3, -1, 2, -3, -2, -1, 3, 6, 2, 6, 2, -2, 5, 2, -1, -1, 3, 1, -1, 3, -1, 2, -1, -1, -7, -2, 2, 1, -1, -3, -1, -1, -1, -2, -2, 2, -1, 2, 3, -1, -1, -1, -1, -1, 43, 4, 0, 0.4877551440295588, 4, -1, 29, 1, 0.5458896105063267
0, -1, 3, -1, -3, -1, 2, -3, -2, -1, 3, 6, 2, 6, 2, -2, 5, 2, -1, -1, 3, 1, -1, 3, -1, 2, -1, -1, -7, -2, 3, 1, -1, -3, -1, -1, -1, -2, -2, 2, -1, 2, 3, -1, -1, -1, -1, -1, 43, 4, 1, 0.49767124510943667, 6, 22, 0, 2, 0.5359140163190218
0, -1, 3, -1, -3, -1, 2, -3, -2, -1, 3, 6, 2, 6, 2, -2, 5, 2, 0, -1, 3, 1, -1, 3, -1, 2, -1, -1, -7, -2, 3, 1, -1, -3, -1, -1, -1, -2, -2, 2, -1, 2, 3, -1, -1, -1, -1, -1, 43, 4, 2, 0.5458896105063267, 3, 22, 17, 1, 0.5840040391053678
0, -1, 3, -1, -3, -1, 2, -3, -2, -1, 3, 6, 2, 6, 2, -2, 5, 2, 1, -1, 3, 1, -1, 2, -1, 2, -1, -1, -7, -2, 3, 1, -1, -3, -1, -1, -1, -2, -2, 2, -1, 2, 3, -1, -1, -1, -1, -1, 43, 4, 1, 0.5359140163190218, 6, 1, 0, 1, 0.5741945686749061
0, -1, 3, -1, -3, -1, 2, -3, -2, 0, 3, 6, 2, 6, 2, -2, 5, 2, 1, -1, 3, 1, -1, 2, -1, 2, -1, -1, -7, -2, 3, 1, -1, -3, -1, -1, -1, -2, -2, 2, -1, 2, 3, -1, -1, -1, -1, -1, 43, 4, 2, 0.5840040391053678, 3, 1, 8, 1, 0.6215366665234477
0, -1, 2, -1, -3, -1, 2, -3, -2, 1, 3, 6, 2, 6, 2, -2, 5, 2, 1, -1, 3, 1, -1, 2, -1, 2, -1, -1, -7, -2, 3, 1, -1, -3, -1, -1, -1, -2, -2, 2, -1, 2, 3, -1, -1, -1, -1, -1, 43, 4, 1, 0.5741945686749061, 6, 5, 0, 1, 0.6162661138369623
0, 0, 2, -1, -3, -1, 2, -3, -2, 1, 3, 6, 2, 6, 2, -2, 5, 2, 1, -1, 3, 1, -1, 2, -1, 2, -1, -1, -7, -2, 3, 1, -1, -3, -1, -1, -1, -2, -2, 2, -1, 2, 3, -1, -1, -1, -1, -1, 43, 4, 2, 0.6215366665234477, 3, 5, 0, 1, 0.6624331923039288
0, 1, 2, -1, -3, -1, 1, -3, -2, 1, 3, 6, 2, 6, 2, -2, 5, 2, 1, -1, 3, 1, -1, 2, -1, 2, -1, -1, -7, -2, 3, 1, -1, -3, -1, -1, -1, -2, -2, 2, -1, 2, 3, -1, -1, -1, -1, -1, 43, 4, 1, 0.6162661138369623, 6, 15, 0, 2, 0.6649061260064717
0, 1, 2, -1, -3, -1, 1, -3, -2, 1, 3, 6, 2, 6, 2, -2, 5, 2, 1, 0, 3, 1, -1, 2, -1, 2, -1, -1, -7, -2, 3, 1, -1, -3, -1, -1, -1, -2, -2, 2, -1, 2, 3, -1, -1, -1, -1, -1, 43, 4, 2, 0.6624331923039288, 3, 15, 18, 2, 0.6552316819757147
0, 1, 2, -1, -3, -1, 1, -3, -2, 1, 3, 6, 2, 6, 2, -2, 3, 2, 1, 2, 3, 1, -1, 2, -1, 2, -1, -1, -7, -2, 3, 1, -1, -3, -1, -1, -1, -2, -2, 2, -1, 2, 3, -1, -1, -1, -1, -1, 43, 4, 1, 0.6649061260064717, 6, 41, 0, 1, 0.6485650216455016
0, 1, 2, -1, -3, -1, 1, -3, -2, 1, 3, 6, 2, 6, 2, -2, 3, 2, 1, 2, 3, 1, -1, 2, -1, 2, -1, -1, -7, -2, 3, 1, -1, -3, -1, -1, -1, -2, -2, 2, -1, 2, 2, -1, -1, -1, -1, -1, 43, 4, 1, 0.6552316819757147, 6, 18, 0, 1, 0.6940900888632371
0, 1, 2, -1, -3, -1, 1, -3, -2, 1, 3, 6, 2, 6, 2, -2, 3, 2, 1, 1, 3, 1, -1, 2, -1, 2, -1, -1, -7, -2, 3, 1, -1, -3, -1, -1, -1, -2, -2, 2, -1, 2, 2, -1, -1, -1, -1, -1, 43, 4, 1, 0.6485650216455016, 6, 29, 0, 1, 0.6840913965462075
0, 1, 2, -1, -3, -1, 1, -3, -2, 1, 3, 6, 2, 6, 2, -2, 3, 2, 1, 1, 3, 1, -1, 2, -1, 2, -1, -1, -7, -2, 3, 1, 0, -3, -1, -1, -1, -2, -2, 2, -1, 2, 2, -1, -1, -1, -1, -1, 43, 4, 2, 0.6940900888632371, 3, 29, 31, 2, 0.6769323195083679
0, 1, 2, -1, -3, -1, 1, -3, -2, 1, 3, 6, 2, 6, 2, -2, 3, 2, 1, 1, 3, 1, -1, 2, -1, 2, -1, -1, -7, -2, 1, 1, 2, -3, -1, -1, -1, -2, -2, 2, -1, 2, 2, -1, -1, -1, -1, -1, 43, 4, 1, 0.6840913965462075, 6, 40, 0, 1, 0.6887697914873145
0, 1, 2, -1, -3, -1, 1, -3, -2, 1, 3, 6, 2, 6, 2, -2, 3, 2, 1, 1, 3, 1, -1, 2, -1, 2, -1, -1, -7, -2, 1, 1, 2, -3, -1, -1, -1, -2, -2, 2, -1, 1, 2, -1, -1, -1, -1, -1, 43, 4, 1, 0.6769323195083679, 6, 16, 0, 1, 0.7317703365300856
0, 1, 2, -1, -3, -1, 1, -3, -2, 1, 3, 6, 2, 6, 2, -1, 3, 2, 1, 1, 3, 1, -1, 2, -1, 2, -1, -1, -7, -2, 1, 1, 2, -3, -1, -1, -1, -2, -2, 2, -1, 1, 2, -1, -1, -1, -1, -1, 43, 4, 1, 0.6887697914873145, 6, 13, 0, 1, 0.7253200004226411
0, 1, 2, -1, -3, -1, 1, -3, -2, 1, 3, 6, 2, 6, 2, 0, 3, 2, 1, 1, 3, 1, -1, 2, -1, 2, -1, -1, -7, -2, 1, 1, 2, -3, -1, -1, -1, -2, -2, 2, -1, 1, 2, -1, -1, -1, -1, -1, 43, 4, 2, 0.7317703365300856, 3, 13, 14, 1, 0.7653808711033471
0, 1, 2, -1, -3, -1, 1, -3, -2, 1, 3, 6, 2, 6, 1, 1, 3, 2, 1, 1, 3, 1, -1, 2, -1, 2, -1, -1, -7, -2, 1, 1, 2, -3, -1, -1, -1, -2, -2, 2, -1, 1, 2, -1, -1, -1, -1, -1, 43, 4, 1, 0.7253200004226411, 6, 12, 0, 3, 0.7991464181110798
0, 1, 2, 0, -3, -1, 1, -3, -2, 1, 3, 6, 2, 6, 1, 1, 3, 2, 1, 1, 3, 1, -1, 2, -1, 2, -1, -1, -7, -2, 1, 1, 2, -3, -1, -1, -1, -2, -2, 2, -1, 1, 2, -1, -1, -1, -1, -1, 43, 4, 2, 0.7653808711033471, 3, 12, 2, 3, 0.7929297488161129
0, 1, 2, 3, -3, -1, 1, -3, -2, 1, 3, 6, 2, 3, 1, 1, 3, 2, 1, 1, 3, 1, -1, 2, -1, 2, -1, -1, -7, -2, 1, 1, 2, -3, -1, -1, -1, -2, -2, 2, -1, 1, 2, -1, -1, -1, -1, -1, 43, 4, 1, 0.7991464181110798, 6, 1, 0, 1, 0.7865094748136582
0, 1, 1, 3, -3, -1, 1, -3, -2, 1, 3, 6, 2, 3, 1, 1, 3, 2, 1, 1, 3, 1, -1, 2, -1, 2, -1, -1, -7, -2, 1, 1, 2, -3, -1, -1, -1, -2, -2, 2, -1, 1, 2, -1, -1, -1, -1, -1, 43, 4, 1, 0.7929297488161129, 6, 22, 0, 1, 0.7865094748136582
0, 1, 1, 3, -3, -1, 1, -3, -2, 1, 3, 6, 2, 3, 1, 1, 3, 2, 1, 1, 3, 1, -1, 1, -1, 2, -1, -1, -7, -2, 1, 1, 2, -3, -1, -1, -1, -2, -2, 2, -1, 1, 2, -1, -1, -1, -1, -1, 43, 4, 1, 0.7865094748136582, 0, -1, -1, -1, 0.6928127191824135
0, 1, 1, 3, -3, -1, 1, -3, -2, 1, 3, 6, 2, 3, 1, 1, 3, 2, 1, 1, 3, 1, -1, 1, -1, 2, -1, -1, -7, -2, 1, 1, 2, -3, -1, -1, -1, -2, -2, 2, -1, 1, 2, -1, -1, -1, -1, -1, 43, 4, 3, 0.7865094748136582, 5, 2, 12, 2, 0.6831062133284914
0, -1, -1, 1, -1, -1, 1, -1, -2, 1, 3, 6, 2, 5, 1, 1, 3, 2, 1, -1, 3, -2, -1, 1, -1, 2, -1, -1, -7, -2, 1, 1, 2, -1, -1, -1, -1, -2, -1, 2, -1, 1, 2, -1, -1, -1, -1, -1, 41, 4, 0, 0.6928127191824135, 4, -1, 12, 1, 0.6751600498892666
0, -1, -1, 1, -1, -1, 1, -1, -2, 1, 3, 6, 2, 6, 1, 1, 3, 2, 1, -1, 3, -2, -1, 1, -1, 2, -1, -1, -7, -2, 1, 1, 2, -1, -1, -1, -1, -2, -1, 2, -1, 1, 2, -1, -1, -1, -1, -1, 41, 4, 0, 0.6831062133284914, 4, -1, 22, 8, 0.6836224062066063
0, -1, -1, 1, -1, -1, 1, -1, -2, 1, 3, 6, 2, 6, 1, 1, 3, 2, 1, -1, 3, -2, -1, 9, -1, 2, -1, -1, -7, -2, 1, 1, 2, -1, -1, -1, -1, -2, -1, 2, -1, 1, 2, -1, -1, -1, -1, -1, 41, 4, 1, 0.6751600498892666, 6, 22, 0, 2, 0.7228686026872858
0, -1, -1, 1, -1, -1, 1, -1, -2, 1, 3, 6, 2, 6, 1, 1, 3, 2, 1, -1, 3, -2, -1, 8, -1, 2, -1, -1, -7, -2, 1, 1, 2, -1, -1, -1, -1, -2, -1, 2, -1, 1, 2, -1, -1, -1, -1, -1, 41, 4, 1, 0.6836224062066063, 6, 22, 0, 3, 0.7425581246039382
0, -1, -1, 1, -1, -1, 1, -1, -2, 1, 3, 6, 2, 6, 1, 1, 3, 2, 1, -1, 3, -2, -1, 8, -1, 2, -1, -1, -7, -2, 1, 1, 2, 0, -1, -1, -1, -2, -1, 2, -1, 1, 2, -1, -1, -1, -1, -1, 41, 4, 2, 0.7228686026872858, 3, 22, 32, 2, 0.7795813300001306
0, -1, -1, 1, -1, -1, 1, -1, -2, 1, 3, 6, 2, 6, 1, 1, 3, 2, 1, -1, 3, -2, -1, 6, -1, 2, -1, -1, -7, -2, 1, 1, 2, 2, -1, -1, -1, -2, -1, 2, -1, 1, 2, -1, -1, -1, -1, -1, 41, 4, 1, 0.7425581246039382, 6, 41, 0, 1, 0.7777037393039453
0, -1, -1, 1, -1, -1, 1, -1, -2, 1, 3, 6, 2, 6, 1, 1, 3, 2, 1, -1, 3, -2, -1, 6, -1, 2, -1, -1, -7, -2, 1, 1, 2, 2, -1, -1, -1, -2, -1, 2, 0, 1, 2, -1, -1, -1, -1, -1, 41, 4, 2, 0.7795813300001306, 3, 41, 39, 1, 0.8118193412240615
0, -1, -1, 1, -1, -1, 1, -1, -2, 1, 3, 6, 2, 6, 1, 1, 3, 2, 1, -1, 3, -2, -1, 6, -1, 2, -1, -1, -7, -2, 1, 1, 2, 2, -1, -1, -1, -2, -1, 2, 1, 1, 1, -1, -1, -1, -1, -1, 41, 4, 1, 0.7777037393039453, 6, 22, 0, 1, 0.8227693213188727
0, -1, -1, 1, -1, -1, 1, -1, -2, 1, 3, 6, 2, 6, 1, 1, 3, 2, 1, -1, 3, -2, 0, 6, -1, 2, -1, -1, -7, -2, 1, 1, 2, 2, -1, -1, -1, -2, -1, 2, 1, 1, 1, -1, -1, -1, -1, -1, 41, 4, 2, 0.8118193412240615, 3, 22, 21, 4, 0.8207406176810575
0, -1, -1, 1, -1, -1, 1, -1, -2, 1, 3, 6, 2, 6, 1, 1, 3, 2, 1, -1, 3, -2, 4, 2, -1, 2, -1, -1, -7, -2, 1, 1, 2, 2, -1, -1, -1, -2, -1, 2, 1, 1, 1, -1, -1, -1, -1, -1, 41, 4, 1, 0.8227693213188727, 6, 21, 0, 3, 0.8180008451748471
0, -1, -1, 1, -1, -1, 1, -1, -2, 1, 3, 6, 2, 6, 1, 1, 3, 2, 1, -1, 3, -2, 3, 2, -1, 2, -1, -1, -7, -2, 1, 1, 2, 2, -1, -1, -1, -2, -1, 2, 1, 1, 1, -1, -1, -1, -1, -1, 41, 4, 1, 0.8207406176810575, 6, 32, 0, 1, 0.8091436704406281
0, -1, -1, 1, -1, -1, 1, -1, -2, 1, 3, 6, 2, 6, 1, 1, 3, 2, 1, -1, 3, -2, 3, 2, -1, 2, -1, -1, -7, -2, 1, 1, 2, 1, -1, -1, -1, -2, -1, 2, 1, 1, 1, -1, -1, -1, -1, -1, 41, 4, 1, 0.8180008451748471, 6, 21, 0, 2, 0.8054090003561443
0, -1, -1, 1, -1, -1, 1, -1, -2, 1, 3, 6, 2, 6, 1, 1, 3, 2, 1, -1, 3, -2, 2, 2, -1, 2, -1, -1, -7, -2, 1, 1, 2, 1, -1, -1, -1, -2, -1, 2, 1, 1, 1, -1, -1, -1, -1, -1, 41, 4, 1, 0.8091436704406281, 6, 31, 0, 1, 0.838196861142899
0, -1, -1, 1, -1, -1, 1, -1, -2, 1, 3, 6, 2, 6, 1, 1, 3, 2, 1, -1, 3, -2, 2, 2, -1, 2, -1, -1, -7, -2, 1, 1, 1, 1, -1, -1, -1, -2, -1, 2, 1, 1, 1, -1, -1, -1, -1, -1, 41, 4, 1, 0.8054090003561443, 6, 16, 0, 1, 0.8353314943187667
0, -1, -1, 1, -1, -1, 1, -1, -2, 1, 3, 6, 2, 6, 1, 1, 3, 2, 1, 0, 3, -2, 2, 2, -1, 2, -1, -1, -7, -2, 1, 1, 1, 1, -1, -1, -1, -2, -1, 2, 1, 1, 1, -1, -1, -1, -1, -1, 41, 4, 2, 0.838196861142899, 3, 16, 18, 1, 0.8353314943187667
0, -1, -1, 1, -1, -1, 1, -1, -2, 1, 3, 6, 2, 6, 1, 1, 3, 1, 1, 1, 3, -2, 2, 2, -1, 2, -1, -1, -7, -2, 1, 1, 1, 1, -1, -1, -1, -2, -1, 2, 1, 1, 1, -1, -1, -1, -1, -1, 41, 4, 1, 0.8353314943187667, 0, -1, -1, -1, 0.7021564631071106
0, -1, -1, 1, -1, -1, 1, -1, -2, 1, 3, 6, 2, 6, 1, 1, 3, 1, 1, 1, 3, -2, 2, 2, -1, 2, -1, -1, -7, -2, 1, 1, 1, 1, -1, -1, -1, -2, -1, 2, 1, 1, 1, -1, -1, -1, -1, -1, 41, 4, 3, 0.8353314943187667, 5, 10, 9, 3, 0.690486718847751
0, -1, -1, 1, -1, -1, 1, -1, -2, 1, 6, 3, 2, 6, 1, 1, 3, 1, 1, 1, 3, -1, 1, 2, -1, 2, -1, -1, -3, -6, -1, -1, -1, 1, -1, -1, -1, -2, -2, 2, 1, 1, 1, -1, -1, -1, -1, -1, 39, 4, 0, 0.7021564631071106, 4, -1, 12, 1, 0.709666890599716
0, -1, -1, 1, -1, -1, 1, -1, -2, 1, 6, 3, 2, 7, 1, 1, 3, 1, 1, 1, 3, -1, 1, 2, -1, 2, -1, -1, -3, -6, -1, -1, -1, 1, -1, -1, -1, -2, -2, 2, 1, 1, 1, -1, -1, -1, -1, -1, 39, 4, 0, 0.690486718847751, 4, -1, 13, 2, 0.7259478041900247
0, -1, -1, 1, -1, -1, 1, -1, -2, 1, 6, 3, 2, 7, 3, 1, 3, 1, 1, 1, 3, -1, 1, 2, -1, 2, -1, -1, -3, -6, -1, -1, -1, 1, -1, -1, -1, -2, -2, 2, 1, 1, 1, -1, -1, -1, -1, -1, 39, 4, 0, 0.709666890599716, 4, -1, 14, 2, 0.7322285873009797
0, -1, -1, 1, -1, -1, 1, -1, -2, 1, 6, 3, 2, 7, 3, 3, 3, 1, 1, 1, 3, -1, 1, 2, -1, 2, -1, -1, -3, -6, -1, -1, -1, 1, -1, -1, -1, -2, -2, 2, 1, 1, 1, -1, -1, -1, -1, -1, 39, 4, 0, 0.7259478041900247, 4, -1, 15, 1, 0.7342934895530426
0, -1, -1, 1, -1, -1, 1, -1, -2, 1, 6, 3, 2, 7, 3, 3, 4, 1, 1, 1, 3, -1, 1, 2, -1, 2, -1, -1, -3, -6, -1, -1, -1, 1, -1, -1, -1, -2, -2, 2, 1, 1, 1, -1, -1, -1, -1, -1, 39, 4, 0, 0.7322285873009797, 4, -1, 21, 1, 0.7217353244384067
0, -1, -1, 1, -1, -1, 1, -1, -2, 1, 6, 3, 2, 7, 3, 3, 4, 1, 1, 1, 3, -1, 2, 2, -1, 2, -1, -1, -3, -6, -1, -1, -1, 1, -1, -1, -1, -2, -2, 2, 1, 1, 1, -1, -1, -1, -1, -1, 39, 4, 0, 0.7342934895530426, 4, -1, 2, 8, 0.7226237296373598
0, -1, -1, 9, -1, -1, 1, -1, -2, 1, 6, 3, 2, 7, 3, 3, 4, 1, 1, 1, 3, -1, 2, 2, -1, 2, -1, -1, -3, -6, -1, -1, -1, 1, -1, -1, -1, -2, -2, 2, 1, 1, 1, -1, -1, -1, -1, -1, 39, 4, 0, 0.7217353244384067, 4, -1, 17, 1, 0.7588627745461763
0, -1, -1, 9, -1, -1, 1, -1, -2, 1, 6, 3, 2, 7, 3, 3, 4, 1, 2, 1, 3, -1, 2, 2, -1, 2, -1, -1, -3, -6, -1, -1, -1, 1, -1, -1, -1, -2, -2, 2, 1, 1, 1, -1, -1, -1, -1, -1, 39, 4, 1, 0.7226237296373598, 6, 2, 0, 3, 0.7679280894500393
0, -1, -1, 9, 0, -1, 1, -1, -2, 1, 6, 3, 2, 7, 3, 3, 4, 1, 2, 1, 3, -1, 2, 2, -1, 2, -1, -1, -3, -6, -1, -1, -1, 1, -1, -1, -1, -2, -2, 2, 1, 1, 1, -1, -1, -1, -1, -1, 39, 4, 2, 0.7588627745461763, 3, 2, 3, 8, 0.7880280781840405
0, -1, -1, 1, 8, -1, 1, -1, -2, 1, 6, 3, 2, 7, 3, 3, 4, 1, 2, 1, 3, -1, 2, 2, -1, 2, -1, -1, -3, -6, -1, -1, -1, 1, -1, -1, -1, -2, -2, 2, 1, 1, 1, -1, -1, -1, -1, -1, 39, 4, 1, 0.7679280894500393, 6, 3, 0, 3, 0.7954327213564022
0, -1, -1, 1, 7, -1, 1, -1, -1, 1, 6, 3, 2, 7, 3, 3, 4, 1, 2, 1, 3, -1, 2, 2, -1, 2, -1, -1, -3, -6, -1, -1, -1, 1, -1, -1, -1, -2, -2, 2, 1, 1, 1, -1, -1, -1, -1, -1, 39, 4, 1, 0.7880280781840405, 6, 3, 0, 1, 0.7955765734564343
0, -1, -1, 1, 6, -1, 1, -1, -1, 1, 6, 3, 2, 7, 3, 3, 4, 1, 2, 1, 3, -1, 2, 2, -1, 2, -1, -1, -3, -6, -1, -1, -1, 1, -1, -1, -1, -2, -2, 2, 1, 1, 1, -1, -1, -1, -1, -1, 39, 4, 1, 0.7954327213564022, 6, 24, 0, 1, 0.7964576577132925
0, -1, -1, 1, 6, -1, 1, -1, -1, 1, 6, 3, 2, 7, 3, 3, 4, 1, 2, 1, 3, -1, 2, 2, -1, 1, -1, -1, -3, -6, -1, -1, -1, 1, -1, -1, -1, -2, -2, 2, 1, 1, 1, -1, -1, -1, -1, -1, 39, 4, 1, 0.7955765734564343, 6, 21, 0, 1, 0.8295722268747527
0, -1, -1, 1, 6, -1, 1, -1, -1, 1, 6, 3, 2, 7, 3, 3, 4, 1, 2, 1, 3, -1, 1, 2, -1, 1, -1, -1, -3, -6, -1, -1, -1, 1, -1, -1, -1, -2, -2, 2, 1, 1, 1, -1, -1, -1, -1, -1, 39, 4, 1, 0.7964576577132925, 6, 3, 0, 2, 0.8399034387042148
0, -1, -1, 1, 6, -1, 1, 0, -1, 1, 6, 3, 2, 7, 3, 3, 4, 1, 2, 1, 3, -1, 1, 2, -1, 1, -1, -1, -3, -6, -1, -1, -1, 1, -1, -1, -1, -2, -2, 2, 1, 1, 1, -1, -1, -1, -1, -1, 39, 4, 2, 0.8295722268747527, 3, 3, 6, 3, 0.8323767294908458
0, -1, -1, 1, 3, -1, 1, 3, -1, 1, 6, 3, 2, 7, 3, 3, 4, 1, 2, 1, 3, -1, 1, 2, -1, 1, -1, -1, -3, -6, -1, -1, -1, 1, -1, -1, -1, -2, -2, 2, 1, 1, 1, -1, -1, -1, -1, -1, 39, 4, 1, 0.8399034387042148, 6, 3, 0, 1, 0.824999197681026
0, -1, -1, 1, 2, -1, 1, 3, -1, 1, 6, 3, 2, 7, 3, 3, 4, 1, 2, 1, 3, -1, 1, 2, -1, 1, -1, -1, -3, -6, -1, -1, -1, 1, -1, -1, -1, -2, -2, 2, 1, 1, 1, -1, -1, -1, -1, -1, 39, 4, 1, 0.8323767294908458, 6, 14, 0, 1, 0.8554496124771973
0, -1, -1, 1, 2, -1, 1, 3, -1, 1, 6, 3, 2, 7, 3, 2, 4, 1, 2, 1, 3, -1, 1, 2, -1, 1, -1, -1, -3, -6, -1, -1, -1, 1, -1, -1, -1, -2, -2, 2, 1, 1, 1, -1, -1, -1, -1, -1, 39, 4, 1, 0.824999197681026, 6, 6, 0, 1, 0.8490056211799716
0, -1, -1, 1, 2, 0, 1, 3, -1, 1, 6, 3, 2, 7, 3, 2, 4, 1, 2, 1, 3, -1, 1, 2, -1, 1, -1, -1, -3, -6, -1, -1, -1, 1, -1, -1, -1, -2, -2, 2, 1, 1, 1, -1, -1, -1, -1, -1, 39, 4, 2, 0.8554496124771973, 3, 6, 4, 2, 0.8490056211799716
0, 0, 0, 0, 0, 0, 0, 0, 0, 0, 0, 0, 0, 0, 0, 0, 0, 0, 0, 0, 0, 0, 0, 0, 0, 0, 0, 0, 0, 0, 0, 0, 0, 0, 0, 0, 0, 0, 0, 0, 0, 0, 0, -1, -1, -1, -1, -1, 44, 4, 0, 0.5, 4, -1, 38, 1, 0.5
0, 0, 0, 0, 0, 0, 0, 0, 0, 0, 0, 0, 0, 0, 0, 0, 0, 0, 0, 0, 0, 0, 0, 0, 0, 0, 0, 0, 0, 0, 0, 0, -1, 0, 0, 0, 0, 0, 0, 1, 0, 0, 0, -1, -1, -1, -1, -1, 44, 4, 0, 0.5, 4, -1, 9, 1, 0.5
0, 0, 0, 0, 0, 0, 0, 0, 0, 0, 1, 0, 0, 0, 0, 0, 0, 0, 0, 0, 0, 0, 0, 0, 0, 0, 0, 0, 0, 0, 0, 0, -1, 0, 0, -1, 0, 0, 0, 1, 0, 0, 0, -1, -1, -1, -1, -1, 44, 4, 0, 0.5, 4, -1, 41, 1, 0.5
0, 0, 0, 0, 0, 0, 0, 0, 0, 0, 1, 0, 0, 0, -1, 0, 0, 0, 0, 0, 0, 0, 0, 0, 0, 0, 0, 0, 0, 0, 0, 0, -1, 0, 0, -1, 0, 0, 0, 1, 0, 0, 1, -1, -1, -1, -1, -1, 44, 4, 0, 0.5, 4, -1, 10, 1, 0.5
0, 0, 0, 0, 0, 0, 0, 0, 0, 0, 1, 1, 0, 0, -1, 0, -1, 0, 0, 0, 0, 0, 0, 0, 0, 0, 0, 0, 0, 0, 0, 0, -1, 0, 0, -1, 0, 0, 0, 1, 0, 0, 1, -1, -1, -1, -1, -1, 44, 4, 0, 0.5, 4, -1, 39, 1, 0.5
0, 0, 0, 0, 0, 0, 0, 0, 0, 0, 1, 1, 0, 0, -1, 0, -1, 0, 0, -1, 0, 0, 0, 0, 0, 0, 0, 0, 0, 0, 0, 0, -1, 0, 0, -1, 0, 0, 0, 1, 1, 0, 1, -1, -1, -1, -1, -1, 44, 4, 0, 0.5, 4, -1, 11, 1, 0.5
0, 0, 0, 0, 0, 0, 0, 0, 0, 0, 1, 1, 1, 0, -1, 0, -1, 0, 0, -1, 0, 0, 0, 0, 0, 0, 0, 0, 0, 0, 0, 0, -1, 0, 0, -1, 0, -1, 0, 1, 1, 0, 1, -1, -1, -1, -1, -1, 44, 4, 0, 0.5, 4, -1, 40, 1, 0.5
0, 0, 0, 0, 0, 0, 0, 0, 0, 0, 1, 1, 1, 0, -1, 0, -1, 0, 0, -1, 0, 0, 0, 0, 0, 0, 0, 0, 0, 0, 0, -1, -1, 0, 0, -1, 0, -1, 0, 1, 1, 1, 1, -1, -1, -1, -1, -1, 44, 4, 0, 0.5, 4, -1, 12, 1, 0.5
0, 0, 0, 0, 0, 0, 0, 0, 0, 0, 1, 1, 1, 1, -1, 0, -1, 0, 0, -1, 0, 0, 0, -1, 0, 0, 0, 0, 0, 0, 0, -1, -1, 0, 0, -1, 0, -1, 0, 1, 1, 1, 1, -1, -1, -1, -1, -1, 44, 4, 0, 0.5, 4, -1, 26, 1, 0.5
0, 0, 0, 0, 0, 0, 0, 0, 0, 0, 1, 1, 1, 1, -1, 0, -1, 0, 0, -1, 0, 0, 0, -1, 0, 0, 0, 1, 0, -1, 0, -1, -1, 0, 0, -1, 0, -1, 0, 1, 1, 1, 1, -1, -1, -1, -1, -1, 44, 4, 0, 0.5, 4, -1, 20, 1, 0.5
0, 0, 0, 0, 0, -1, 0, 0, 0, 0, 1, 1, 1, 1, -1, 0, -1, 0, 0, -1, 0, 1, 0, -1, 0, 0, 0, 1, 0, -1, 0, -1, -1, 0, 0, -1, 0, -1, 0, 1, 1, 1, 1, -1, -1, -1, -1, -1, 44, 4, 0, 0.5, 4, -1, 7, 1, 0.5
0, 0, 0, 0, 0, -1, 0, 0, 1, 0, 1, 1, 1, 1, -1, 0, -1, 0, 0, -1, 0, 1, 0, -1, 0, 0, 0, 1, -1, -1, 0, -1, -1, 0, 0, -1, 0, -1, 0, 1, 1, 1, 1, -1, -1, -1, -1, -1, 44, 4, 0, 0.5, 4, -1, 23, 1, 0.5
0, 0, 0, 0, 0, -1, 0, 0, 1, 0, 1, 1, 1, 1, -1, 0, -1, 0, 0, -1, 0, 1, -1, -1, 1, 0, 0, 1, -1, -1, 0, -1, -1, 0, 0, -1, 0, -1, 0, 1, 1, 1, 1, -1, -1, -1, -1, -1, 44, 4, 0, 0.5, 4, -1, 19, 1, 0.5
0, 0, 0, 0, 0, -1, 0, 0, 1, 0, 1, 1, 1, 1, -1, 0, -1, 0, -1, -1, 1, 1, -1, -1, 1, 0, 0, 1, -1, -1, 0, -1, -1, 0, 0, -1, 0, -1, 0, 1, 1, 1, 1, -1, -1, -1, -1, -1, 44, 4, 0, 0.5, 4, -1, 3, 1, 0.5
0, 0, 0, 0, 1, -1, 0, 0, 1, 0, 1, 1, 1, 1, -1, 0, -1, 0, -1, -1, 1, 1, -1, -1, 1, -1, 0, 1, -1, -1, 0, -1, -1, 0, 0, -1, 0, -1, 0, 1, 1, 1, 1, -1, -1, -1, -1, -1, 44, 4, 0, 0.5, 4, -1, 35, 1, 0.5
0, 0, 0, 0, 1, -1, 0, 0, 1, 0, 1, 1, 1, 1, -1, 0, -1, 0, -1, -1, 1, 1, -1, -1, 1, -1, 0, 1, -1, -1, 0, -1, -1, 0, 0, -1, 1, -1, -1, 1, 1, 1, 1, -1, -1, -1, -1, -1, 44, 4, 0, 0.5, 4, -1, 16, 1, 0.5
0, 0, 0, 0, 1, -1, 0, 0, 1, 0, 1, 1, 1, 1, -1, -1, -1, 1, -1, -1, 1, 1, -1, -1, 1, -1, 0, 1, -1, -1, 0, -1, -1, 0, 0, -1, 1, -1, -1, 1, 1, 1, 1, -1, -1, -1, -1, -1, 44, 4, 0, 0.5, 4, -1, 32, 1, 0.5
0, 0, 0, 0, 1, -1, 0, 0, 1, 0, 1, 1, 1, 1, -1, -1, -1, 1, -1, -1, 1, 1, -1, -1, 1, -1, 0, 1, -1, -1, -1, -1, -1, 1, 0, -1, 1, -1, -1, 1, 1, 1, 1, -1, -1, -1, -1, -1, 44, 4, 0, 0.5, 4, -1, 6, 1, 0.5
0, 0, 0, 0, 1, -1, 0, 1, 1, 0, 1, 1, 1, 1, -1, -1, -1, 1, -1, -1, 1, 1, -1, -1, 1, -1, -1, 1, -1, -1, -1, -1, -1, 1, 0, -1, 1, -1, -1, 1, 1, 1, 1, -1, -1, -1, -1, -1, 44, 4, 0, 0.5, 4, -1, 8, 1, 0.5
0, 0, 0, -1, 1, -1, 0, 1, 1, 1, 1, 1, 1, 1, -1, -1, -1, 1, -1, -1, 1, 1, -1, -1, 1, -1, -1, 1, -1, -1, -1, -1, -1, 1, 0, -1, 1, -1, -1, 1, 1, 1, 1, -1, -1, -1, -1, -1, 44, 4, 0, 0.5, 4, -1, 33, 1, 0.5
0, -1, 0, -1, 1, -1, 0, 1, 1, 1, 1, 1, 1, 1, -1, -1, -1, 1, -1, -1, 1, 1, -1, -1, 1, -1, -1, 1, -1, -1, -1, -1, -1, 1, 1, -1, 1, -1, -1, 1, 1, 1, 1, -1, -1, -1, -1, -1, 44, 4, 0, 0.5, 4, -1, 1, 1, 0.5
0, -1, 1, -1, 1, -1, -1, 1, 1, 1, 1, 1, 1, 1, -1, -1, -1, 1, -1, -1, 1, 1, -1, -1, 1, -1, -1, 1, -1, -1, -1, -1, -1, 1, 1, -1, 1, -1, -1, 1, 1, 1, 1, -1, -1, -1, -1, -1, 44, 4, 0, 0.5, 4, -1, 39, 1, 0.5
0, -1, 1, -1, 1, -1, -1, 1, 1, 1, 1, 1, 1, 1, -1, -1, -1, 1, -1, -1, 1, 1, -1, -1, 1, -1, -1, 1, -1, -1, -1, -1, -1, 1, 1, -1, 1, -2, -1, 1, 2, 1, 1, -1, -1, -1, -1, -1, 44, 4, 0, 0.5, 4, -1, 10, 1, 0.5
0, -1, 1, -1, 1, -1, -1, 1, 1, 1, 1, 2, 1, 1, -1, -1, -1, 1, -1, -1, 1, 1, -1, -2, 1, -1, -1, 1, -1, -1, -1, -1, -1, 1, 1, -1, 1, -2, -1, 1, 2, 1, 1, -1, -1, -1, -1, -1, 44, 4, 0, 0.5, 4, -1, 39, 1, 0.5
0, -1, 1, -1, 1, -1, -1, 1, 1, 1, 1, 2, 1, 1, -1, -1, -1, 1, -1, -1, 1, 1, -1, -2, 1, -1, -1, 1, -1, -1, -1, -1, -1, 1, 1, -2, 1, -2, -1, 1, 3, 1, 1, -1, -1, -1, -1, -1, 44, 4, 0, 0.5, 4, -1, 10, 1, 0.5
0, -1, 1, -1, 1, -1, -1, 1, 1, 1, 1, 3, 1, 1, -1, -1, -1, 1, -1, -1, 1, 1, -1, -2, 1, -1, -1, 1, -1, -2, -1, -1, -1, 1, 1, -2, 1, -2, -1, 1, 3, 1, 1, -1, -1, -1, -1, -1, 44, 4, 0, 0.5, 4, -1, 39, 1, 0.5
0, -1, 1, -1, 1, -1, -1, 1, 1, 1, 1, 3, 1, 1, -1, -2, -1, 1, -1, -1, 1, 1, -1, -2, 1, -1, -1, 1, -1, -2, -1, -1, -1, 1, 1, -2, 1, -2, -1, 1, 4, 1, 1, -1, -1, -1, -1, -1, 44, 4, 0, 0.5, 4, -1, 10, 1, 0.5
0, -1, 1, -1, 1, -1, -1, 1, 1, 1, 1, 4, 1, 1, -1, -2, -1, 1, -1, -1, 1, 1, -1, -2, 1, -1, -1, 1, -1, -2, -1, -1, -1, 1, 1, -2, 1, -2, -2, 1, 4, 1, 1, -1, -1, -1, -1, -1, 44, 4, 0, 0.5, 4, -1, 39, 1, 0.5
0, -1, 1, -1, 1, -1, -1, 1, 1, 1, 1, 4, 1, 1, -1, -2, -1, 1, -1, -1, 1, 1, -1, -2, 1, -1, -1, 1, -1, -2, -2, -1, -1, 1, 1, -2, 1, -2, -2, 1, 5, 1, 1, -1, -1, -1, -1, -1, 44, 4, 0, 0.5, 4, -1, 10, 1, 0.5
0, -1, 1, -1, 1, -1, -1, 1, 1, 1, 1, 5, 1, 1, -1, -2, -1, 1, -1, -1, 1, 1, -1, -2, 1, -2, -1, 1, -1, -2, -2, -1, -1, 1, 1, -2, 1, -2, -2, 1, 5, 1, 1, -1, -1, -1, -1, -1, 44, 4, 0, 0.5, 4, -1, 39, 1, 0.272576008158408
0, -1, 1, -1, 1, -1, -2, 1, 1, 1, 1, 5, 1, 1, -1, -2, -1, 1, -1, -1, 1, 1, -1, -2, 1, -2, -1, 1, -1, -2, -2, -1, -1, 1, 1, -2, 1, -2, -2, 1, 6, 1, 1, -1, -1, -1, -1, -1, 44, 4, 0, 0.5, 4, -1, 12, 1, 0.24867075122695426
0, -1, 1, -1, 1, -1, -2, 1, 1, 1, 1, 5, 1, 2, -1, -2, -2, 1, -1, -1, 1, 1, -1, -2, 1, -2, -1, 1, -1, -2, -2, -1, -1, 1, 1, -2, 1, -2, -2, 1, 6, 1, 1, -1, -1, -1, -1, -1, 44, 4, 0, 0.272576008158408, 4, -1, 39, 1, 0.27810640059878783
0, -1, 1, -1, 1, -1, -2, 1, 1, 1, 1, 5, 1, 2, -1, -2, -2, 1, -1, -1, 1, 1, -1, -2, 1, -2, -1, 1, -1, -3, -2, -1, -1, 1, 1, -2, 1, -2, -2, 1, 7, 1, 1, -1, -1, -1, -1, -1, 44, 4, 0, 0.24867075122695426, 4, -1, 12, 1, 0.29323335111302473
0, -1, 1, -1, 1, -1, -2, 1, 1, 1, 1, 5, 1, 3, -1, -2, -2, 1, -1, -1, 1, 1, -1, -2, 1, -2, -2, 1, -1, -3, -2, -1, -1, 1, 1, -2, 1, -2, -2, 1, 7, 1, 1, -1, -1, -1, -1, -1, 44, 4, 0, 0.27810640059878783, 4, -1, 16, 1, 0.28072485587058577
0, -1, 1, -1, 1, -1, -2, 1, 1, 1, 1, 5, 1, 3, -1, -3, -2, 2, -1, -1, 1, 1, -1, -2, 1, -2, -2, 1, -1, -3, -2, -1, -1, 1, 1, -2, 1, -2, -2, 1, 7, 1, 1, -1, -1, -1, -1, -1, 44, 4, 0, 0.29323335111302473, 4, -1, 32, 1, 0.27482853079638997
0, -1, 1, -1, 1, -1, -2, 1, 1, 1, 1, 5, 1, 3, -2, -3, -2, 2, -1, -1, 1, 1, -1, -2, 1, -2, -2, 1, -1, -3, -2, -1, -1, 2, 1, -2, 1, -2, -2, 1, 7, 1, 1, -1, -1, -1, -1, -1, 44, 4, 0, 0.28072485587058577, 4, -1, 26, 1, 0.3128261760982826
0, -1, 1, -1, 1, -1, -2, 1, 1, 1, 1, 5, 1, 3, -2, -3, -2, 2, -2, -1, 1, 1, -1, -2, 1, -2, -2, 2, -1, -3, -2, -1, -1, 2, 1, -2, 1, -2, -2, 1, 7, 1, 1, -1, -1, -1, -1, -1, 44, 4, 0, 0.27482853079638997, 4, -1, 32, 1, 0.3081123264629415
0, -1, 1, -1, 1, -1, -2, 1, 1, 1, 1, 5, 1, 3, -2, -3, -2, 2, -2, -1, 1, 1, -1, -2, 1, -2, -2, 2, -1, -3, -3, -1, -1, 3, 1, -2, 1, -2, -2, 1, 7, 1, 1, -1, -1, -1, -1, -1, 44, 4, 0, 0.3128261760982826, 4, -1, 20, 1, 0.31566348467398014
0, -1, 1, -1, 1, -1, -2, 1, 1, 1, 1, 5, 1, 3, -2, -3, -2, 2, -2, -1, 1, 2, -2, -2, 1, -2, -2, 2, -1, -3, -3, -1, -1, 3, 1, -2, 1, -2, -2, 1, 7, 1, 1, -1, -1, -1, -1, -1, 44, 4, 0, 0.3081123264629415, 4, -1, 26, 1, 0.31107062976752337
0, -2, 1, -1, 1, -1, -2, 1, 1, 1, 1, 5, 1, 3, -2, -3, -2, 2, -2, -1, 1, 2, -2, -2, 1, -2, -2, 3, -1, -3, -3, -1, -1, 3, 1, -2, 1, -2, -2, 1, 7, 1, 1, -1, -1, -1, -1, -1, 44, 4, 0, 0.31566348467398014, 4, -1, 8, 1, 0.32743523191331314
0, -2, 1, -1, 1, -2, -2, 1, 1, 2, 1, 5, 1, 3, -2, -3, -2, 2, -2, -1, 1, 2, -2, -2, 1, -2, -2, 3, -1, -3, -3, -1, -1, 3, 1, -2, 1, -2, -2, 1, 7, 1, 1, -1, -1, -1, -1, -1, 44, 4, 0, 0.31107062976752337, 4, -1, 19, 1, 0.3374442730795613
0, -2, 1, -1, 1, -2, -2, 1, 1, 2, 1, 5, 1, 3, -2, -3, -2, 2, -2, -1, 2, 2, -2, -3, 1, -2, -2, 3, -1, -3, -3, -1, -1, 3, 1, -2, 1, -2, -2, 1, 7, 1, 1, -1, -1, -1, -1, -1, 44, 4, 0, 0.32743523191331314, 4, -1, 9, 1, 0.3490300288008126
0, -2, 1, -1, 1, -2, -2, 1, 1, 2, 2, 5, 1, 3, -2, -3, -2, 2, -2, -1, 2, 2, -2, -3, 1, -2, -2, 3, -1, -3, -3, -1, -1, 3, 1, -2, 1, -3, -2, 1, 7, 1, 1, -1, -1, -1, -1, -1, 44, 4, 0, 0.3374442730795613, 4, -1, 8, 1, 0.33453917439710396
0, -2, 1, -1, 1, -2, -2, 1, 1, 3, 2, 5, 1, 3, -2, -3, -2, 2, -2, -1, 2, 2, -2, -3, 1, -3, -2, 3, -1, -3, -3, -1, -1, 3, 1, -2, 1, -3, -2, 1, 7, 1, 1, -1, -1, -1, -1, -1, 44, 4, 0, 0.3490300288008126, 4, -1, 39, 1, 0.33743741409623884
0, -2, 1, -2, 1, -2, -2, 1, 1, 3, 2, 5, 1, 3, -2, -3, -2, 2, -2, -1, 2, 2, -2, -3, 1, -3, -2, 3, -1, -3, -3, -1, -1, 3, 1, -2, 1, -3, -2, 1, 8, 1, 1, -1, -1, -1, -1, -1, 44, 4, 0, 0.33453917439710396, 4, -1, 33, 1, 0.3341376050825775
0, -2, 1, -2, 1, -2, -2, 1, 1, 3, 2, 5, 1, 3, -2, -3, -3, 2, -2, -1, 2, 2, -2, -3, 1, -3, -2, 3, -1, -3, -3, -1, -1, 3, 2, -2, 1, -3, -2, 1, 8, 1, 1, -1, -1, -1, -1, -1, 44, 4, 0, 0.33743741409623884, 4, -1, 10, 1, 0.3399428533683463
0, -2, 1, -2, 1, -2, -2, 1, 1, 3, 2, 6, 1, 3, -2, -3, -3, 2, -2, -1, 2, 2, -2, -3, 1, -3, -2, 3, -2, -3, -3, -1, -1, 3, 2, -2, 1, -3, -2, 1, 8, 1, 1, -1, -1, -1, -1, -1, 44, 4, 0, 0.3341376050825775, 4, -1, 16, 1, 0.3386382763427796
0, -2, 1, -2, 1, -3, -2, 1, 1, 3, 2, 6, 1, 3, -2, -3, -3, 3, -2, -1, 2, 2, -2, -3, 1, -3, -2, 3, -2, -3, -3, -1, -1, 3, 2, -2, 1, -3, -2, 1, 8, 1, 1, -1, -1, -1, -1, -1, 44, 4, 0, 0.3399428533683463, 4, -1, 11, 1, 0.36833748229163643
0, -2, 1, -2, 1, -3, -2, 1, 1, 3, 2, 6, 2, 3, -3, -3, -3, 3, -2, -1, 2, 2, -2, -3, 1, -3, -2, 3, -2, -3, -3, -1, -1, 3, 2, -2, 1, -3, -2, 1, 8, 1, 1, -1, -1, -1, -1, -1, 44, 4, 0, 0.3386382763427796, 4, -1, 23, 1, 0.3340661421268172
0, -2, 1, -2, 1, -4, -2, 1, 1, 3, 2, 6, 2, 3, -3, -3, -3, 3, -2, -1, 2, 2, -2, -3, 2, -3, -2, 3, -2, -3, -3, -1, -1, 3, 2, -2, 1, -3, -2, 1, 8, 1, 1, -1, -1, -1, -1, -1, 44, 4, 0, 0.36833748229163643, 4, -1, 16, 1, 0.36297843089849446
0, -2, -1, -1, 1, -1, -1, -1, 1, 3, 2, 6, 2, 3, -1, -1, -2, 1, -1, -1, 2, 2, -1, -1, 2, -1, -1, -1, -1, -1, -1, -1, -1, 2, -4, -1, -1, -3, -2, 1, 7, 1, 1, -1, -1, -1, -1, -1, 43, 4, 0, 0.3340661421268172, 4, -1, 23, 2, 0.3878775255960726
0, -2, -1, -1, 1, -1, -1, -1, 1, 3, 2, 6, 2, 3, -1, -1, -2, 1, -1, -1, 2, 2, -1, -1, 4, -1, -1, -1, -1, -1, -1, -1, -1, 2, -4, -1, -1, -3, -2, 1, 7, 1, 1, -1, -1, -1, -1, -1, 43, 4, 0, 0.36297843089849446, 4, -1, 7, 2, 0.4024822234602468
0, -2, -1, -1, 1, -1, -1, -1, 3, 3, 2, 6, 2, 3, -1, -1, -2, 1, -1, -1, 2, 2, -1, -1, 4, -1, -1, -1, -1, -1, -1, -1, -1, 2, -4, -1, -1, -3, -2, 1, 7, 1, 1, -1, -1, -1, -1, -1, 43, 4, 0, 0.3878775255960726, 4, -1, 20, 1, 0.40272463972034367
0, -2, -1, -1, 1, -1, -1, -1, 3, 3, 2, 6, 2, 3, -1, -1, -2, 1, -1, -1, 2, 3, -1, -1, 4, -1, -1, -1, -1, -1, -1, -1, -1, 2, -4, -1, -1, -3, -2, 1, 7, 1, 1, -1, -1, -1, -1, -1, 43, 4, 0, 0.4024822234602468, 4, -1, 10, 2, 0.4151175422214033
0, -2, -1, -1, 1, -1, -1, -1, 3, 3, 2, 8, 2, 3, -1, -1, -2, 1, -1, -1, 2, 3, -1, -1, 4, -1, -1, -1, -1, -1, -1, -1, -1, 2, -4, -1, -1, -3, -2, 1, 7, 1, 1, -1, -1, -1, -1, -1, 43, 4, 0, 0.40272463972034367, 4, -1, 19, 1, 0.4213683455172174
0, -2, -1, -1, 1, -1, -1, -1, 3, 3, 2, 8, 2, 3, -1, -1, -2, 1, -1, -1, 3, 3, -1, -1, 4, -1, -1, -1, -1, -1, -1, -1, -1, 2, -4, -1, -1, -3, -2, 1, 7, 1, 1, -1, -1, -1, -1, -1, 43, 4, 0, 0.4151175422214033, 4, -1, 3, 1, 0.4697548821274374
0, -2, -1, -1, 2, -1, -1, -1, 3, 3, 2, 8, 2, 3, -1, -1, -2, 1, -1, -1, 3, 3, -1, -1, 4, -1, -1, -1, -1, -1, -1, -1, -1, 2, -4, -1, -1, -3, -2, 1, 7, 1, 1, -1, -1, -1, -1, -1, 43, 4, 1, 0.4213683455172174, 6, 12, 0, 2, 0.4581484351124605
0, -2, -1, 0, 2, -1, -1, -1, 3, 3, 2, 8, 2, 3, -1, -1, -2, 1, -1, -1, 3, 3, -1, -1, 4, -1, -1, -1, -1, -1, -1, -1, -1, 2, -4, -1, -1, -3, -2, 1, 7, 1, 1, -1, -1, -1, -1, -1, 43, 4, 2, 0.4697548821274374, 3, 12, 2, 2, 0.507907108131376
0, -2, -1, 2, 2, -1, -1, -1, 3, 3, 2, 8, 2, 1, -1, -1, -2, 1, -1, -1, 3, 3, -1, -1, 4, -1, -1, -1, -1, -1, -1, -1, -1, 2, -4, -1, -1, -3, -2, 1, 7, 1, 1, -1, -1, -1, -1, -1, 43, 4, 1, 0.4581484351124605, 6, 10, 0, 3, 0.5122122604141451
0, -2, -1, 2, 2, -1, -1, -1, 3, 3, 2, 8, 2, 1, -1, -1, -2, 1, -1, -1, 3, 3, -1, -1, 4, 0, -1, -1, -1, -1, -1, -1, -1, 2, -4, -1, -1, -3, -2, 1, 7, 1, 1, -1, -1, -1, -1, -1, 43, 4, 2, 0.507907108131376, 3, 10, 24, 7, 0.5643495931865397
0, -2, -1, 2, 2, -1, -1, -1, 3, 3, 2, 1, 2, 1, -1, -1, -2, 1, -1, -1, 3, 3, -1, -1, 4, 7, -1, -1, -1, -1, -1, -1, -1, 2, -4, -1, -1, -3, -2, 1, 7, 1, 1, -1, -1, -1, -1, -1, 43, 4, 1, 0.5122122604141451, 6, 8, 0, 2, 0.5518610495764674
0, -2, 0, 2, 2, -1, -1, -1, 3, 3, 2, 1, 2, 1, -1, -1, -2, 1, -1, -1, 3, 3, -1, -1, 4, 7, -1, -1, -1, -1, -1, -1, -1, 2, -4, -1, -1, -3, -2, 1, 7, 1, 1, -1, -1, -1, -1, -1, 43, 4, 2, 0.5643495931865397, 3, 8, 1, 1, 0.5392612478650607
0, -2, 1, 2, 2, -1, -1, -1, 3, 2, 2, 1, 2, 1, -1, -1, -2, 1, -1, -1, 3, 3, -1, -1, 4, 7, -1, -1, -1, -1, -1, -1, -1, 2, -4, -1, -1, -3, -2, 1, 7, 1, 1, -1, -1, -1, -1, -1, 43, 4, 1, 0.5518610495764674, 6, 20, 0, 2, 0.5916146144027576
0, -2, 1, 2, 2, -1, -1, -1, 3, 2, 2, 1, 2, 1, -1, -1, -2, 1, -1, -1, 3, 2, -1, -1, 4, 7, -1, -1, -1, -1, -1, -1, -1, 2, -4, -1, -1, -3, -2, 1, 7, 1, 1, -1, -1, -1, -1, -1, 43, 4, 1, 0.5392612478650607, 6, 19, 0, 2, 0.5792542943461141
0, -2, 1, 2, 2, -1, -1, -1, 3, 2, 2, 1, 2, 1, -1, -1, -2, 1, 0, -1, 3, 2, -1, -1, 4, 7, -1, -1, -1, -1, -1, -1, -1, 2, -4, -1, -1, -3, -2, 1, 7, 1, 1, -1, -1, -1, -1, -1, 43, 4, 2, 0.5916146144027576, 3, 19, 17, 2, 0.6308692870574362
0, -2, 1, 2, 2, -1, -1, -1, 3, 2, 2, 1, 2, 1, -1, -1, -2, 1, 2, -1, 1, 2, -1, -1, 4, 7, -1, -1, -1, -1, -1, -1, -1, 2, -4, -1, -1, -3, -2, 1, 7, 1, 1, -1, -1, -1, -1, -1, 43, 4, 1, 0.5792542943461141, 6, 17, 0, 1, 0.6236381853592551
0, -2, 1, 2, 2, -1, -1, -1, 3, 2, 2, 1, 2, 1, -1, -1, -2, 1, 2, 0, 1, 2, -1, -1, 4, 7, -1, -1, -1, -1, -1, -1, -1, 2, -4, -1, -1, -3, -2, 1, 7, 1, 1, -1, -1, -1, -1, -1, 43, 4, 2, 0.6308692870574362, 3, 17, 18, 1, 0.6163061035598825
0, -2, 1, 2, 2, -1, -1, -1, 3, 2, 2, 1, 2, 1, -1, -1, -2, 1, 1, 1, 1, 2, -1, -1, 4, 7, -1, -1, -1, -1, -1, -1, -1, 2, -4, -1, -1, -3, -2, 1, 7, 1, 1, -1, -1, -1, -1, -1, 43, 4, 1, 0.6236381853592551, 6, 20, 0, 1, 0.6016645932056247
0, -2, 1, 2, 2, -1, -1, -1, 3, 2, 2, 1, 2, 1, -1, -1, -2, 1, 1, 1, 1, 1, -1, -1, 4, 7, -1, -1, -1, -1, -1, -1, -1, 2, -4, -1, -1, -3, -2, 1, 7, 1, 1, -1, -1, -1, -1, -1, 43, 4, 1, 0.6163061035598825, 6, 7, 0, 1, 0.5926969468784152
0, -2, 1, 2, 2, -1, -1, -1, 2, 2, 2, 1, 2, 1, -1, -1, -2, 1, 1, 1, 1, 1, -1, -1, 4, 7, -1, -1, -1, -1, -1, -1, -1, 2, -4, -1, -1, -3, -2, 1, 7, 1, 1, -1, -1, -1, -1, -1, 43, 4, 1, 0.6016645932056247, 6, 3, 0, 1, 0.6460408257260967
0, -2, 1, 2, 1, -1, -1, -1, 2, 2, 2, 1, 2, 1, -1, -1, -2, 1, 1, 1, 1, 1, -1, -1, 4, 7, -1, -1, -1, -1, -1, -1, -1, 2, -4, -1, -1, -3, -2, 1, 7, 1, 1, -1, -1, -1, -1, -1, 43, 4, 1, 0.5926969468784152, 6, 23, 0, 3, 0.6292608657961724
0, -2, 1, 2, 1, -1, -1, -1, 2, 2, 2, 1, 2, 1, -1, -1, -2, 1, 1, 1, 1, 1, -1, -1, 4, 7, 0, -1, -1, -1, -1, -1, -1, 2, -4, -1, -1, -3, -2, 1, 7, 1, 1, -1, -1, -1, -1, -1, 43, 4, 2, 0.6460408257260967, 3, 23, 25, 2, 0.6806750887393607
0, -2, 1, 2, 1, -1, -1, -1, 2, 2, 2, 1, 2, 1, -1, -1, -2, 1, 1, 1, 1, 1, -1, -1, 2, 7, 2, -1, -1, -1, -1, -1, -1, 2, -4, -1, -1, -3, -2, 1, 7, 1, 1, -1, -1, -1, -1, -1, 43, 4, 1, 0.6292608657961724, 6, 24, 0, 2, 0.7135427921298615
0, -2, 1, 2, 1, -1, -1, -1, 2, 2, 2, 1, 2, 1, -1, -1, -2, 1, 1, 1, 1, 1, -1, 0, 2, 7, 2, -1, -1, -1, -1, -1, -1, 2, -4, -1, -1, -3, -2, 1, 7, 1, 1, -1, -1, -1, -1, -1, 43, 4, 2, 0.6806750887393607, 3, 24, 22, 4, 0.702577368058483
0, -2, 1, 2, 1, -1, -1, -1, 2, 2, 2, 1, 2, 1, -1, -1, -2, 1, 1, 1, 1, 1, -1, 4, 2, 3, 2, -1, -1, -1, -1, -1, -1, 2, -4, -1, -1, -3, -2, 1, 7, 1, 1, -1, -1, -1, -1, -1, 43, 4, 1, 0.7135427921298615, 6, 8, 0, 1, 0.7522707747594777
0, -2, 1, 2, 1, -1, -1, -1, 2, 1, 2, 1, 2, 1, -1, -1, -2, 1, 1, 1, 1, 1, -1, 4, 2, 3, 2, -1, -1, -1, -1, -1, -1, 2, -4, -1, -1, -3, -2, 1, 7, 1, 1, -1, -1, -1, -1, -1, 43, 4, 1, 0.702577368058483, 6, 25, 0, 1, 0.7421523277739286
0, -2, 1, 2, 1, -1, -1, -1, 2, 1, 2, 1, 2, 1, -1, -1, -2, 1, 1, 1, 1, 1, 0, 4, 2, 3, 2, -1, -1, -1, -1, -1, -1, 2, -4, -1, -1, -3, -2, 1, 7, 1, 1, -1, -1, -1, -1, -1, 43, 4, 2, 0.7522707747594777, 3, 25, 21, 1, 0.7878406566488564
0, -2, 1, 2, 1, -1, -1, -1, 2, 1, 2, 1, 2, 1, -1, -1, -2, 1, 1, 1, 1, 1, 1, 4, 2, 3, 1, -1, -1, -1, -1, -1, -1, 2, -4, -1, -1, -3, -2, 1, 7, 1, 1, -1, -1, -1, -1, -1, 43, 4, 1, 0.7421523277739286, 6, 39, 0, 2, 0.8091690024822522
0, -2, 1, 2, 1, -1, -1, -1, 2, 1, 2, 1, 2, 1, -1, -1, -2, 1, 1, 1, 1, 1, 1, 4, 2, 3, 1, -1, -1, -1, -1, -1, -1, 2, -4, 0, -1, -3, -2, 1, 7, 1, 1, -1, -1, -1, -1, -1, 43, 4, 2, 0.7878406566488564, 3, 39, 34, 6, 0.7997749985498483
0, -2, 1, 2, 1, -1, -1, -1, 2, 1, 2, 1, 2, 1, -1, -1, -2, 1, 1, 1, 1, 1, 1, 4, 2, 3, 1, -1, -1, -1, -1, -1, -1, 2, -4, 6, -1, -3, -2, 1, 1, 1, 1, -1, -1, -1, -1, -1, 43, 4, 1, 0.8091690024822522, 6, 32, 0, 1, 0.8246972548683017
0, -2, 1, 2, 1, -1, -1, -1, 2, 1, 2, 1, 2, 1, -1, -1, -2, 1, 1, 1, 1, 1, 1, 4, 2, 3, 1, -1, -1, -1, -1, -1, -1, 1, -4, 6, -1, -3, -2, 1, 1, 1, 1, -1, -1, -1, -1, -1, 43, 4, 1, 0.7997749985498483, 6, 34, 0, 3, 0.8506921473879006
0, -2, 1, 2, 1, -1, -1, -1, 2, 1, 2, 1, 2, 1, -1, -1, -2, 1, 1, 1, 1, 1, 1, 4, 2, 3, 1, -1, -1, -1, -1, -1, -1, 1, -4, 5, -1, -3, -2, 1, 1, 1, 1, -1, -1, -1, -1, -1, 43, 4, 1, 0.8246972548683017, 6, 34, 0, 1, 0.8870097467713363
0, -2, 1, 2, 1, -1, -1, -1, 2, 1, 2, 1, 2, 1, -1, -1, -2, 1, 1, 1, 1, 1, 1, 4, 2, 3, 1, -1, -1, -1, -1, -1, -1, 1, -4, 4, -1, -3, -2, 1, 1, 1, 1, -1, -1, -1, -1, -1, 43, 4, 1, 0.8506921473879006, 6, 34, 0, 1, 0.9012138251634167
0, -2, 1, 2, 1, -1, -1, -1, 2, 1, 2, 1, 2, 1, -1, -1, -2, 1, 1, 1, 1, 1, 1, 4, 2, 3, 1, -1, -1, 0, -1, -1, -1, 1, -4, 4, -1, -3, -2, 1, 1, 1, 1, -1, -1, -1, -1, -1, 43, 4, 2, 0.8870097467713363, 3, 34, 28, 2, 0.888983827009287
0, -2, 1, 2, 1, -1, -1, -1, 2, 1, 2, 1, 2, 1, -1, -1, -2, 1, 1, 1, 1, 1, 1, 4, 2, 3, 1, -1, -1, 2, -1, -1, -1, 1, -4, 2, -1, -3, -2, 1, 1, 1, 1, -1, -1, -1, -1, -1, 43, 4, 1, 0.9012138251634167, 6, 7, 0, 1, 0.888983827009287
0, -2, 1, 2, 1, -1, -1, -1, 1, 1, 2, 1, 2, 1, -1, -1, -2, 1, 1, 1, 1, 1, 1, 4, 2, 3, 1, -1, -1, 2, -1, -1, -1, 1, -4, 2, -1, -3, -2, 1, 1, 1, 1, -1, -1, -1, -1, -1, 43, 4, 1, 0.888983827009287, 0, -1, -1, -1, 0.7810322853109688
0, -2, 1, 2, 1, -1, -1, -1, 1, 1, 2, 1, 2, 1, -1, -1, -2, 1, 1, 1, 1, 1, 1, 4, 2, 3, 1, -1, -1, 2, -1, -1, -1, 1, -4, 2, -1, -3, -2, 1, 1, 1, 1, -1, -1, -1, -1, -1, 43, 4, 3, 0.888983827009287, 5, 2, 12, 1, 0.8037249972674579
0, -2, 1, 1, 1, -1, -1, -1, 1, 1, 2, 1, 2, 2, -2, -1, -2, -3, 1, 1, 1, 1, 1, 4, 2, 3, 1, -1, -1, 2, -1, -1, -1, 1, -4, 2, -1, -3, -2, 1, 1, 1, 1, -1, -1, -1, -1, -1, 41, 4, 0, 0.7810322853109688, 4, -1, 28, 1, 0.8387366427188435
0, -2, 1, 1, 1, -1, -1, -1, 1, 1, 2, 1, 2, 2, -2, -1, -2, -3, 1, 1, 1, 1, 1, 4, 2, 3, 1, -1, -1, 3, -1, -1, -1, 1, -4, 2, -1, -3, -2, 1, 1, 1, 1, -1, -1, -1, -1, -1, 41, 4, 0, 0.8037249972674579, 4, -1, 32, 2, 0.84882311970244
0, -2, 1, 1, 1, -1, -1, -1, 1, 1, 2, 1, 2, 2, -2, -1, -2, -3, 1, 1, 1, 1, 1, 4, 2, 3, 1, -1, -1, 3, -1, -1, -1, 3, -4, 2, -1, -3, -2, 1, 1, 1, 1, -1, -1, -1, -1, -1, 41, 4, 0, 0.8387366427188435, 4, -1, 17, 1, 0.7102311030252306
0, -2, 1, 1, 1, -1, -1, -1, 1, 1, 2, 1, 2, 2, -2, -1, -2, -3, 2, 1, 1, 1, 1, 4, 2, 3, 1, -1, -1, 3, -1, -1, -1, 3, -4, 2, -1, -3, -2, 1, 1, 1, 1, -1, -1, -1, -1, -1, 41, 4, 0, 0.84882311970244, 4, -1, 34, 9, 0.7164225312153013
0, -2, 1, 1, 1, -1, -1, -1, 1, 1, 2, 1, 2, 2, -2, -1, -2, -3, 2, 1, 1, 1, 1, 4, 2, 3, 1, -1, -1, 3, -1, -1, -1, 3, -4, 11, -1, -3, -2, 1, 1, 1, 1, -1, -1, -1, -1, -1, 41, 4, 0, 0.7102311030252306, 4, -1, 7, 1, 0.7224369794963345
0, -2, 1, 1, 1, -1, -1, -1, 2, 1, 2, 1, 2, 2, -2, -1, -2, -3, 2, 1, 1, 1, 1, 4, 2, 3, 1, -1, -1, 3, -1, -1, -1, 3, -4, 11, -1, -3, -2, 1, 1, 1, 1, -1, -1, -1, -1, -1, 41, 4, 0, 0.7164225312153013, 4, -1, 39, 1, 0.7630605845256756
0, -2, 1, 1, 1, -1, -1, -1, 2, 1, 2, 1, 2, 2, -2, -1, -2, -3, 2, 1, 1, 1, 1, 4, 2, 3, 1, -1, -1, 3, -1, -1, -1, 3, -4, 11, -1, -3, -2, 1, 2, 1, 1, -1, -1, -1, -1, -1, 41, 4, 1, 0.7224369794963345, 6, 28, 0, 2, 0.7548008333940958
0, -2, 1, 1, 1, -1, -1, -1, 2, 1, 2, 1, 2, 2, -2, -1, -2, -3, 2, 1, 1, 1, 1, 4, 2, 3, 1, -1, 0, 3, -1, -1, -1, 3, -4, 11, -1, -3, -2, 1, 2, 1, 1, -1, -1, -1, -1, -1, 41, 4, 2, 0.7630605845256756, 3, 28, 27, 2, 0.7488305835942499
0, -2, 1, 1, 1, -1, -1, -1, 2, 1, 2, 1, 2, 2, -2, -1, -2, -3, 2, 1, 1, 1, 1, 4, 2, 3, 1, -1, 2, 1, -1, -1, -1, 3, -4, 11, -1, -3, -2, 1, 2, 1, 1, -1, -1, -1, -1, -1, 41, 4, 1, 0.7548008333940958, 6, 27, 0, 1, 0.7870186448642591
0, -2, 1, 1, 1, -1, -1, -1, 2, 1, 2, 1, 2, 2, -2, -1, -2, -3, 2, 1, 1, 1, 1, 4, 2, 3, 1, -1, 1, 1, -1, -1, -1, 3, -4, 11, -1, -3, -2, 1, 2, 1, 1, -1, -1, -1, -1, -1, 41, 4, 1, 0.7488305835942499, 6, 32, 0, 2, 0.7785745141779326
0, -2, 1, 1, 1, -1, -1, -1, 2, 1, 2, 1, 2, 2, -2, -1, -2, -3, 2, 1, 1, 1, 1, 4, 2, 3, 1, 0, 1, 1, -1, -1, -1, 3, -4, 11, -1, -3, -2, 1, 2, 1, 1, -1, -1, -1, -1, -1, 41, 4, 2, 0.7870186448642591, 3, 32, 26, 1, 0.8133545117306603
0, -2, 1, 1, 1, -1, -1, -1, 2, 1, 2, 1, 2, 2, -2, -1, -2, -3, 2, 1, 1, 1, 1, 4, 2, 3, 1, 1, 1, 1, -1, -1, -1, 2, -4, 11, -1, -3, -2, 1, 2, 1, 1, -1, -1, -1, -1, -1, 41, 4, 1, 0.7785745141779326, 6, 7, 0, 1, 0.8080333047206777
0, -2, 1, 1, 1, -1, -1, 0, 2, 1, 2, 1, 2, 2, -2, -1, -2, -3, 2, 1, 1, 1, 1, 4, 2, 3, 1, 1, 1, 1, -1, -1, -1, 2, -4, 11, -1, -3, -2, 1, 2, 1, 1, -1, -1, -1, -1, -1, 41, 4, 2, 0.8133545117306603, 3, 7, 6, 1, 0.8080333047206777
0, -2, 1, 1, 1, -1, -1, 1, 1, 1, 2, 1, 2, 2, -2, -1, -2, -3, 2, 1, 1, 1, 1, 4, 2, 3, 1, 1, 1, 1, -1, -1, -1, 2, -4, 11, -1, -3, -2, 1, 2, 1, 1, -1, -1, -1, -1, -1, 41, 4, 1, 0.8080333047206777, 0, -1, -1, -1, 0.6763275447167932
0, -2, 1, 1, 1, -1, -1, 1, 1, 1, 2, 1, 2, 2, -2, -1, -2, -3, 2, 1, 1, 1, 1, 4, 2, 3, 1, 1, 1, 1, -1, -1, -1, 2, -4, 11, -1, -3, -2, 1, 2, 1, 1, -1, -1, -1, -1, -1, 41, 4, 3, 0.8080333047206777, 5, 24, 17, 2, 0.6843585421617817
0, -2, 1, 1, 1, -1, -3, -1, 1, 1, 2, 1, 2, 2, -2, -1, -2, -1, 4, -2, 1, 1, 1, 4, 2, 1, 1, -1, 1, 1, -1, -2, -1, 2, -4, 11, -1, -2, -2, 1, 2, 1, 1, -1, -1, -1, -1, -1, 39, 4, 0, 0.6763275447167932, 4, -1, 28, 1, 0.6958986696774433
0, -2, 1, 1, 1, -1, -3, -1, 1, 1, 2, 1, 2, 2, -2, -1, -2, -1, 4, -2, 1, 1, 1, 4, 2, 1, 1, -1, 1, 2, -1, -2, -1, 2, -4, 11, -1, -2, -2, 1, 2, 1, 1, -1, -1, -1, -1, -1, 39, 4, 0, 0.6843585421617817, 4, -1, 32, 1, 0.7060639177887785
0, -2, 1, 1, 1, -1, -3, -1, 1, 1, 2, 1, 2, 2, -2, -1, -2, -1, 4, -2, 1, 1, 1, 4, 2, 1, 1, -1, 1, 2, -1, -2, -1, 3, -4, 11, -1, -2, -2, 1, 2, 1, 1, -1, -1, -1, -1, -1, 39, 4, 0, 0.6958986696774433, 4, -1, 17, 2, 0.6754125819471244
0, -2, 1, 1, 1, -1, -3, -1, 1, 1, 2, 1, 2, 2, -2, -1, -2, -1, 6, -2, 1, 1, 1, 4, 2, 1, 1, -1, 1, 2, -1, -2, -1, 3, -4, 11, -1, -2, -2, 1, 2, 1, 1, -1, -1, -1, -1, -1, 39, 4, 0, 0.7060639177887785, 4, -1, 34, 5, 0.688541475973775
0, -2, 1, 1, 1, -1, -3, -1, 1, 1, 2, 1, 2, 2, -2, -1, -2, -1, 6, -2, 1, 1, 1, 4, 2, 1, 1, -1, 1, 2, -1, -2, -1, 3, -4, 16, -1, -2, -2, 1, 2, 1, 1, -1, -1, -1, -1, -1, 39, 4, 0, 0.6754125819471244, 4, -1, 22, 3, 0.6912827959695578
0, -2, 1, 1, 1, -1, -3, -1, 1, 1, 2, 1, 2, 2, -2, -1, -2, -1, 6, -2, 1, 1, 1, 7, 2, 1, 1, -1, 1, 2, -1, -2, -1, 3, -4, 16, -1, -2, -2, 1, 2, 1, 1, -1, -1, -1, -1, -1, 39, 4, 0, 0.688541475973775, 4, -1, 3, 1, 0.6997856808506664
0, -2, 1, 1, 2, -1, -3, -1, 1, 1, 2, 1, 2, 2, -2, -1, -2, -1, 6, -2, 1, 1, 1, 7, 2, 1, 1, -1, 1, 2, -1, -2, -1, 3, -4, 16, -1, -2, -2, 1, 2, 1, 1, -1, -1, -1, -1, -1, 39, 4, 0, 0.6912827959695578, 4, -1, 8, 2, 0.6923793089981249
0, -2, 1, 1, 2, -1, -3, -1, 1, 3, 2, 1, 2, 2, -2, -1, -2, -1, 6, -2, 1, 1, 1, 7, 2, 1, 1, -1, 1, 2, -1, -2, -1, 3, -4, 16, -1, -2, -2, 1, 2, 1, 1, -1, -1, -1, -1, -1, 39, 4, 1, 0.6997856808506664, 6, 17, 0, 2, 0.6863978333145094
0, -2, 1, 1, 2, -1, -3, -1, 1, 3, 2, 1, 2, 2, -2, -1, -2, -1, 4, -2, 1, 1, 1, 7, 2, 1, 1, -1, 1, 2, -1, -2, -1, 3, -4, 16, -1, -2, -2, 1, 2, 1, 1, -1, -1, -1, -1, -1, 39, 4, 1, 0.6923793089981249, 6, 8, 0, 2, 0.6802261500754563
0, -2, 1, 1, 2, -1, -3, -1, 1, 2, 2, 1, 2, 2, -2, -1, -2, -1, 4, -2, 1, 1, 1, 7, 2, 1, 1, -1, 1, 2, -1, -2, -1, 3, -4, 16, -1, -2, -2, 1, 2, 1, 1, -1, -1, -1, -1, -1, 39, 4, 1, 0.6863978333145094, 6, 32, 0, 2, 0.6761241040134426
0, -2, 1, 1, 2, -1, -3, -1, 1, 2, 2, 1, 2, 2, -2, -1, -2, -1, 4, -2, 1, 1, 1, 7, 2, 1, 1, -1, 1, 2, -1, -2, -1, 2, -4, 16, -1, -2, -2, 1, 2, 1, 1, -1, -1, -1, -1, -1, 39, 4, 1, 0.6802261500754563, 6, 3, 0, 1, 0.6904767206350194
0, -2, 1, 1, 1, -1, -3, -1, 1, 2, 2, 1, 2, 2, -2, -1, -2, -1, 4, -2, 1, 1, 1, 7, 2, 1, 1, -1, 1, 2, -1, -2, -1, 2, -4, 16, -1, -2, -2, 1, 2, 1, 1, -1, -1, -1, -1, -1, 39, 4, 1, 0.6761241040134426, 6, 32, 0, 1, 0.6997114445537714
0, -2, 1, 1, 1, -1, -3, -1, 1, 2, 2, 1, 2, 2, -2, -1, -2, -1, 4, -1, 1, 1, 1, 7, 2, 1, 1, -1, 1, 2, -1, -2, -1, 2, -4, 16, -1, -2, -2, 1, 2, 1, 1, -1, -1, -1, -1, -1, 39, 4, 1, 0.6904767206350194, 6, 17, 0, 2, 0.7363805650352672
0, -2, 1, 1, 1, -1, -3, -1, 1, 2, 2, 1, 2, 2, -2, -1, -1, -1, 3, -1, 1, 1, 1, 7, 2, 1, 1, -1, 1, 2, -1, -2, -1, 2, -4, 16, -1, -2, -2, 1, 2, 1, 1, -1, -1, -1, -1, -1, 39, 4, 1, 0.6997114445537714, 6, 8, 0, 1, 0.7331035066024126
0, -2, 1, 1, 1, -1, -3, 0, 1, 2, 2, 1, 2, 2, -2, -1, -1, -1, 3, -1, 1, 1, 1, 7, 2, 1, 1, -1, 1, 2, -1, -2, -1, 2, -4, 16, -1, -2, -2, 1, 2, 1, 1, -1, -1, -1, -1, -1, 39, 4, 2, 0.7363805650352672, 3, 8, 6, 1, 0.7268476742316139
0, -2, 1, 1, 1, -1, -3, 1, 1, 1, 2, 1, 2, 2, -2, -1, -1, -1, 3, -1, 1, 1, 1, 7, 2, 1, 1, -1, 1, 2, -1, -2, -1, 2, -4, 16, -1, -2, -2, 1, 2, 1, 1, -1, -1, -1, -1, -1, 39, 4, 1, 0.7331035066024126, 6, 17, 0, 1, 0.7617449171550612
0, -2, 1, 1, 1, -1, -3, 1, 1, 1, 2, 1, 2, 2, -2, -1, -1, -1, 2, -1, 1, 1, 1, 7, 2, 1, 1, -1, 1, 2, -1, -2, -1, 2, -4, 16, -1, -2, -2, 1, 2, 1, 1, -1, -1, -1, -1, -1, 39, 4, 1, 0.7268476742316139, 6, 32, 0, 1, 0.7585800760325856
0, -2, 1, 1, 1, -1, -3, 1, 1, 1, 2, 1, 2, 2, -2, -1, -1, -1, 2, -1, 1, 1, 1, 7, 2, 1, 1, 0, 1, 2, -1, -2, -1, 2, -4, 16, -1, -2, -2, 1, 2, 1, 1, -1, -1, -1, -1, -1, 39, 4, 2, 0.7617449171550612, 3, 32, 26, 1, 0.7908672716263944
0, -2, 1, 1, 1, -1, -3, 1, 1, 1, 2, 1, 2, 2, -2, -1, -1, -1, 2, -1, 1, 1, 1, 7, 2, 1, 1, 1, 1, 2, -1, -2, -1, 1, -4, 16, -1, -2, -2, 1, 2, 1, 1, -1, -1, -1, -1, -1, 39, 4, 1, 0.7585800760325856, 6, 17, 0, 1, 0.78839991891541
0, -2, 1, 1, 1, -1, -3, 1, 1, 1, 2, 1, 2, 2, -2, -1, 0, -1, 2, -1, 1, 1, 1, 7, 2, 1, 1, 1, 1, 2, -1, -2, -1, 1, -4, 16, -1, -2, -2, 1, 2, 1, 1, -1, -1, -1, -1, -1, 39, 4, 2, 0.7908672716263944, 3, 17, 15, 1, 0.78839991891541
